CompanyCode,CompanyName,ReportReason,Industry,AssuranceType,ReportURL,ReleaseDate,RPA_Count
1101,台泥,5.股本達新臺幣五十億元以上者,水泥工業,會計師事務所：,https://mops.twse.com.tw/server-java/FileDownLoad?step=9&filePath=/home/html/nas/protect/t100/&fileName=t100sa11_1101_109.pdf,110/06/22,0
1102,亞泥,5.股本達新臺幣五十億元以上者,水泥工業,其他查驗證單位：,https://mops.twse.com.tw/server-java/FileDownLoad?step=9&filePath=/home/html/nas/protect/t100/&fileName=t100sa11_1102_109.pdf,110/06/30,0
1103,嘉泥,5.股本達新臺幣五十億元以上者,水泥工業,其他查驗證單位：,https://mops.twse.com.tw/server-java/FileDownLoad?step=9&filePath=/home/html/nas/protect/t100/&fileName=t100sa11_1103_109.pdf,110/06/30,0
1104,環泥,5.股本達新臺幣五十億元以上者,水泥工業,無,https://mops.twse.com.tw/server-java/FileDownLoad?step=9&filePath=/home/html/nas/protect/t100/&fileName=t100sa11_1104_109.pdf,110/06/16,0
1108,幸福,6.係自願編製與申報,水泥工業,無,https://mops.twse.com.tw/server-java/FileDownLoad?step=9&filePath=/home/html/nas/protect/t100/&fileName=t100sa11_1108_109.pdf,110/06/18,0
1110,東泥,5.股本達新臺幣五十億元以上者,水泥工業,無,https://mops.twse.com.tw/server-java/FileDownLoad?step=9&filePath=/home/html/nas/protect/t100/&fileName=t100sa11_1110_109.pdf,110/06/28,0
1201,味全,1.屬食品工業者、5.股本達新臺幣五十億元以上者,食品工業,會計師事務所：,https://mops.twse.com.tw/server-java/FileDownLoad?step=9&filePath=/home/html/nas/protect/t100/&fileName=t100sa11_1201_109.pdf,110/09/30,0
1203,味王,1.屬食品工業者,食品工業,會計師事務所：,https://mops.twse.com.tw/server-java/FileDownLoad?step=9&filePath=/home/html/nas/protect/t100/&fileName=t100sa11_1203_109.pdf,110/08/31,0
1210,大成,1.屬食品工業者,食品工業,會計師事務所：,https://mops.twse.com.tw/server-java/FileDownLoad?step=9&filePath=/home/html/nas/protect/t100/&fileName=t100sa11_1210_109.pdf,110/09/22,0
1213,大飲,1.屬食品工業者,食品工業,會計師事務所：,https://mops.twse.com.tw/server-java/FileDownLoad?step=9&filePath=/home/html/nas/protect/t100/&fileName=t100sa11_1213_109.pdf,110/09/30,0
1215,卜蜂,1.屬食品工業者,食品工業,會計師事務所：,https://mops.twse.com.tw/server-java/FileDownLoad?step=9&filePath=/home/html/nas/protect/t100/&fileName=t100sa11_1215_109.pdf,110/09/30,0
1216,統一,1.屬食品工業者,食品工業,會計師事務所：,https://mops.twse.com.tw/server-java/FileDownLoad?step=9&filePath=/home/html/nas/protect/t100/&fileName=t100sa11_1216_109.pdf,110/08/10,0
1217,愛之味,1.屬食品工業者,食品工業,會計師事務所：,https://mops.twse.com.tw/server-java/FileDownLoad?step=9&filePath=/home/html/nas/protect/t100/&fileName=t100sa11_1217_109.pdf,110/09/24,0
1218,泰山,1.屬食品工業者,食品工業,會計師事務所：,https://mops.twse.com.tw/server-java/FileDownLoad?step=9&filePath=/home/html/nas/protect/t100/&fileName=t100sa11_1218_109.pdf,110/06/25,0
1219,福壽,1.屬食品工業者,食品工業,會計師事務所：,https://mops.twse.com.tw/server-java/FileDownLoad?step=9&filePath=/home/html/nas/protect/t100/&fileName=t100sa11_1219_109.pdf,110/06/30,0
1220,台榮,1.屬食品工業者,食品工業,會計師事務所：,https://mops.twse.com.tw/server-java/FileDownLoad?step=9&filePath=/home/html/nas/protect/t100/&fileName=t100sa11_1220_109.pdf,110/09/17,0
1225,福懋油,1.屬食品工業者,食品工業,會計師事務所：,https://mops.twse.com.tw/server-java/FileDownLoad?step=9&filePath=/home/html/nas/protect/t100/&fileName=t100sa11_1225_109.pdf,110/08/18,0
1227,佳格,1.屬食品工業者、5.股本達新臺幣五十億元以上者,食品工業,會計師事務所：,https://mops.twse.com.tw/server-java/FileDownLoad?step=9&filePath=/home/html/nas/protect/t100/&fileName=t100sa11_1227_109.pdf,110/09/17,0
1229,聯華,1.屬食品工業者、5.股本達新臺幣五十億元以上者,食品工業,會計師事務所：,https://mops.twse.com.tw/server-java/FileDownLoad?step=9&filePath=/home/html/nas/protect/t100/&fileName=t100sa11_1229_109.pdf,110/09/07,0
1231,聯華食,1.屬食品工業者,食品工業,會計師事務所：,https://mops.twse.com.tw/server-java/FileDownLoad?step=9&filePath=/home/html/nas/protect/t100/&fileName=t100sa11_1231_109.pdf,110/09/29,1
1232,大統益,1.屬食品工業者,食品工業,會計師事務所：,https://mops.twse.com.tw/server-java/FileDownLoad?step=9&filePath=/home/html/nas/protect/t100/&fileName=t100sa11_1232_109.pdf,110/08/18,0
1233,天仁,1.屬食品工業者,食品工業,會計師事務所：,https://mops.twse.com.tw/server-java/FileDownLoad?step=9&filePath=/home/html/nas/protect/t100/&fileName=t100sa11_1233_109.pdf,110/08/23,0
1234,黑松,1.屬食品工業者,食品工業,會計師事務所：,https://mops.twse.com.tw/server-java/FileDownLoad?step=9&filePath=/home/html/nas/protect/t100/&fileName=t100sa11_1234_109.pdf,110/09/08,0
1235,興泰,1.屬食品工業者,食品工業,會計師事務所：,https://mops.twse.com.tw/server-java/FileDownLoad?step=9&filePath=/home/html/nas/protect/t100/&fileName=t100sa11_1235_109.pdf,110/09/30,0
1236,宏亞,1.屬食品工業者,食品工業,會計師事務所：,https://mops.twse.com.tw/server-java/FileDownLoad?step=9&filePath=/home/html/nas/protect/t100/&fileName=t100sa11_1236_109.pdf,110/08/02,0
1256,鮮活果汁-KY,1.屬食品工業者,食品工業,會計師事務所：,https://mops.twse.com.tw/server-java/FileDownLoad?step=9&filePath=/home/html/nas/protect/t100/&fileName=t100sa11_1256_109.pdf,110/09/30,0
1301,台塑,5.股本達新臺幣五十億元以上者,塑膠工業,其他查驗證單位：,https://mops.twse.com.tw/server-java/FileDownLoad?step=9&filePath=/home/html/nas/protect/t100/&fileName=t100sa11_1301_109.pdf,110/06/30,0
1303,南亞,5.股本達新臺幣五十億元以上者,塑膠工業,其他查驗證單位：,https://mops.twse.com.tw/server-java/FileDownLoad?step=9&filePath=/home/html/nas/protect/t100/&fileName=t100sa11_1303_109.pdf,110/06/30,0
1304,台聚,5.股本達新臺幣五十億元以上者,塑膠工業,其他查驗證單位：,https://mops.twse.com.tw/server-java/FileDownLoad?step=9&filePath=/home/html/nas/protect/t100/&fileName=t100sa11_1304_109.pdf,110/07/02,0
1305,華夏,5.股本達新臺幣五十億元以上者,塑膠工業,其他查驗證單位：,https://mops.twse.com.tw/server-java/FileDownLoad?step=9&filePath=/home/html/nas/protect/t100/&fileName=t100sa11_1305_109.pdf,110/06/30,0
1308,亞聚,5.股本達新臺幣五十億元以上者,塑膠工業,其他查驗證單位：,https://mops.twse.com.tw/server-java/FileDownLoad?step=9&filePath=/home/html/nas/protect/t100/&fileName=t100sa11_1308_109.pdf,110/06/29,0
1309,台達化,6.係自願編製與申報,塑膠工業,其他查驗證單位：,https://mops.twse.com.tw/server-java/FileDownLoad?step=9&filePath=/home/html/nas/protect/t100/&fileName=t100sa11_1309_109.pdf,110/08/02,0
1310,台苯,5.股本達新臺幣五十億元以上者,塑膠工業,無,https://mops.twse.com.tw/server-java/FileDownLoad?step=9&filePath=/home/html/nas/protect/t100/&fileName=t100sa11_1310_109.pdf,110/06/30,0
1312,國喬,5.股本達新臺幣五十億元以上者,塑膠工業,無,https://mops.twse.com.tw/server-java/FileDownLoad?step=9&filePath=/home/html/nas/protect/t100/&fileName=t100sa11_1312_109.pdf,110/06/28,0
1313,聯成,5.股本達新臺幣五十億元以上者,塑膠工業,其他查驗證單位：,https://mops.twse.com.tw/server-java/FileDownLoad?step=9&filePath=/home/html/nas/protect/t100/&fileName=t100sa11_1313_109.pdf,110/06/28,0
1314,中石化,5.股本達新臺幣五十億元以上者,塑膠工業,其他查驗證單位：,https://mops.twse.com.tw/server-java/FileDownLoad?step=9&filePath=/home/html/nas/protect/t100/&fileName=t100sa11_1314_109.pdf,110/06/30,0
1316,上曜,6.係自願編製與申報,建材營造,無,https://mops.twse.com.tw/server-java/FileDownLoad?step=9&filePath=/home/html/nas/protect/t100/&fileName=t100sa11_1316_109.pdf,110/06/01,0
1319,東陽,5.股本達新臺幣五十億元以上者,汽車工業,無,https://mops.twse.com.tw/server-java/FileDownLoad?step=9&filePath=/home/html/nas/protect/t100/&fileName=t100sa11_1319_109.pdf,110/06/29,0
1323,永裕,6.係自願編製與申報,塑膠工業,無,https://mops.twse.com.tw/server-java/FileDownLoad?step=9&filePath=/home/html/nas/protect/t100/&fileName=t100sa11_1323_109.pdf,110/09/08,0
1326,台化,5.股本達新臺幣五十億元以上者,塑膠工業,其他查驗證單位：,https://mops.twse.com.tw/server-java/FileDownLoad?step=9&filePath=/home/html/nas/protect/t100/&fileName=t100sa11_1326_109.pdf,110/06/25,0
1338,廣華-KY,6.係自願編製與申報,汽車工業,無,https://mops.twse.com.tw/server-java/FileDownLoad?step=9&filePath=/home/html/nas/protect/t100/&fileName=t100sa11_1338_109.pdf,110/09/30,0
1402,遠東新,5.股本達新臺幣五十億元以上者,紡織纖維,其他查驗證單位：,https://mops.twse.com.tw/server-java/FileDownLoad?step=9&filePath=/home/html/nas/protect/t100/&fileName=t100sa11_1402_109.pdf,110/06/30,2
1409,新纖,5.股本達新臺幣五十億元以上者,紡織纖維,其他查驗證單位：,https://mops.twse.com.tw/server-java/FileDownLoad?step=9&filePath=/home/html/nas/protect/t100/&fileName=t100sa11_1409_109.pdf,110/06/25,0
1413,宏洲,6.係自願編製與申報,紡織纖維,無,https://mops.twse.com.tw/server-java/FileDownLoad?step=9&filePath=/home/html/nas/protect/t100/&fileName=t100sa11_1413_109.pdf,110/05/19,0
1434,福懋,5.股本達新臺幣五十億元以上者,紡織纖維,其他查驗證單位：,https://mops.twse.com.tw/server-java/FileDownLoad?step=9&filePath=/home/html/nas/protect/t100/&fileName=t100sa11_1434_109.pdf,110/06/28,0
1440,南紡,5.股本達新臺幣五十億元以上者,紡織纖維,無,https://mops.twse.com.tw/server-java/FileDownLoad?step=9&filePath=/home/html/nas/protect/t100/&fileName=t100sa11_1440_109.pdf,110/06/17,0
1444,力麗,5.股本達新臺幣五十億元以上者,紡織纖維,無,https://mops.twse.com.tw/server-java/FileDownLoad?step=9&filePath=/home/html/nas/protect/t100/&fileName=t100sa11_1444_109.pdf,110/06/29,0
1447,力鵬,5.股本達新臺幣五十億元以上者,紡織纖維,無,https://mops.twse.com.tw/server-java/FileDownLoad?step=9&filePath=/home/html/nas/protect/t100/&fileName=t100sa11_1447_109.pdf,110/06/29,0
1455,集盛,5.股本達新臺幣五十億元以上者,紡織纖維,其他查驗證單位：,https://mops.twse.com.tw/server-java/FileDownLoad?step=9&filePath=/home/html/nas/protect/t100/&fileName=t100sa11_1455_109.pdf,110/06/24,0
1457,宜進,6.係自願編製與申報,紡織纖維,無,https://mops.twse.com.tw/server-java/FileDownLoad?step=9&filePath=/home/html/nas/protect/t100/&fileName=t100sa11_1457_109.pdf,110/05/19,0
1460,宏遠,5.股本達新臺幣五十億元以上者,紡織纖維,其他查驗證單位：,https://mops.twse.com.tw/server-java/FileDownLoad?step=9&filePath=/home/html/nas/protect/t100/&fileName=t100sa11_1460_109.pdf,110/06/29,0
1466,聚隆,6.係自願編製與申報,紡織纖維,無,https://mops.twse.com.tw/server-java/FileDownLoad?step=9&filePath=/home/html/nas/protect/t100/&fileName=t100sa11_1466_109.pdf,110/12/17,2
1467,南緯,6.係自願編製與申報,紡織纖維,無,https://mops.twse.com.tw/server-java/FileDownLoad?step=9&filePath=/home/html/nas/protect/t100/&fileName=t100sa11_1467_109.pdf,110/09/30,0
1473,台南,6.係自願編製與申報,紡織纖維,無,https://mops.twse.com.tw/server-java/FileDownLoad?step=9&filePath=/home/html/nas/protect/t100/&fileName=t100sa11_1473_109.pdf,110/09/29,0
1476,儒鴻,6.係自願編製與申報,紡織纖維,會計師事務所：,https://mops.twse.com.tw/server-java/FileDownLoad?step=9&filePath=/home/html/nas/protect/t100/&fileName=t100sa11_1476_109.pdf,110/09/24,0
1477,聚陽,6.係自願編製與申報,紡織纖維,會計師事務所：,https://mops.twse.com.tw/server-java/FileDownLoad?step=9&filePath=/home/html/nas/protect/t100/&fileName=t100sa11_1477_109.pdf,110/09/10,2
1503,士電,5.股本達新臺幣五十億元以上者,電機機械,無,https://mops.twse.com.tw/server-java/FileDownLoad?step=9&filePath=/home/html/nas/protect/t100/&fileName=t100sa11_1503_109.pdf,110/06/18,0
1504,東元,5.股本達新臺幣五十億元以上者,電機機械,會計師事務所：,https://mops.twse.com.tw/server-java/FileDownLoad?step=9&filePath=/home/html/nas/protect/t100/&fileName=t100sa11_1504_109.pdf,110/08/13,0
1525,江申,6.係自願編製與申報,汽車工業,無,https://mops.twse.com.tw/server-java/FileDownLoad?step=9&filePath=/home/html/nas/protect/t100/&fileName=t100sa11_1525_109.pdf,110/06/22,0
1531,高林股,6.係自願編製與申報,電機機械,無,https://mops.twse.com.tw/server-java/FileDownLoad?step=9&filePath=/home/html/nas/protect/t100/&fileName=t100sa11_1531_109.pdf,110/11/17,0
1532,勤美,6.係自願編製與申報,電機機械,其他查驗證單位：,https://mops.twse.com.tw/server-java/FileDownLoad?step=9&filePath=/home/html/nas/protect/t100/&fileName=t100sa11_1532_109.pdf,110/06/29,0
1535,中宇,6.係自願編製與申報,電機機械,其他查驗證單位：,https://mops.twse.com.tw/server-java/FileDownLoad?step=9&filePath=/home/html/nas/protect/t100/&fileName=t100sa11_1535_109.pdf,110/07/23,0
1536,和大,6.係自願編製與申報,汽車工業,其他查驗證單位：,https://mops.twse.com.tw/server-java/FileDownLoad?step=9&filePath=/home/html/nas/protect/t100/&fileName=t100sa11_1536_109.pdf,110/09/29,0
1558,伸興,6.係自願編製與申報,電機機械,其他查驗證單位：,https://mops.twse.com.tw/server-java/FileDownLoad?step=9&filePath=/home/html/nas/protect/t100/&fileName=t100sa11_1558_109.pdf,110/08/12,0
1582,信錦,6.係自願編製與申報,電子零組件業,無,https://mops.twse.com.tw/server-java/FileDownLoad?step=9&filePath=/home/html/nas/protect/t100/&fileName=t100sa11_1582_109.pdf,110/09/30,0
1590,亞德客-KY,6.係自願編製與申報,電機機械,無,https://mops.twse.com.tw/server-java/FileDownLoad?step=9&filePath=/home/html/nas/protect/t100/&fileName=t100sa11_1590_109.pdf,110/12/15,0
1598,岱宇,6.係自願編製與申報,運動休閒,其他查驗證單位：,https://mops.twse.com.tw/server-java/FileDownLoad?step=9&filePath=/home/html/nas/protect/t100/&fileName=t100sa11_1598_109.pdf,110/08/31,0
1605,華新,5.股本達新臺幣五十億元以上者,電器電纜,會計師事務所：,https://mops.twse.com.tw/server-java/FileDownLoad?step=9&filePath=/home/html/nas/protect/t100/&fileName=t100sa11_1605_109.pdf,110/05/27,0
1608,華榮,5.股本達新臺幣五十億元以上者,電器電纜,無,https://mops.twse.com.tw/server-java/FileDownLoad?step=9&filePath=/home/html/nas/protect/t100/&fileName=t100sa11_1608_109.pdf,110/06/21,0
1609,大亞,5.股本達新臺幣五十億元以上者,電器電纜,其他查驗證單位：,https://mops.twse.com.tw/server-java/FileDownLoad?step=9&filePath=/home/html/nas/protect/t100/&fileName=t100sa11_1609_109.pdf,110/06/30,0
1701,中化,6.係自願編製與申報,生技醫療業,無,https://mops.twse.com.tw/server-java/FileDownLoad?step=9&filePath=/home/html/nas/protect/t100/&fileName=t100sa11_1701_109.pdf,110/06/28,0
1702,南僑,1.屬食品工業者,食品工業,會計師事務所：,https://mops.twse.com.tw/server-java/FileDownLoad?step=9&filePath=/home/html/nas/protect/t100/&fileName=t100sa11_1702_109.pdf,110/09/24,0
1707,葡萄王,6.係自願編製與申報,生技醫療業,會計師事務所：,https://mops.twse.com.tw/server-java/FileDownLoad?step=9&filePath=/home/html/nas/protect/t100/&fileName=t100sa11_1707_109.pdf,110/03/22,0
1708,東鹼,3.屬化學工業者,化學工業,無,https://mops.twse.com.tw/server-java/FileDownLoad?step=9&filePath=/home/html/nas/protect/t100/&fileName=t100sa11_1708_109.pdf,110/06/29,0
1709,和益,3.屬化學工業者,化學工業,無,https://mops.twse.com.tw/server-java/FileDownLoad?step=9&filePath=/home/html/nas/protect/t100/&fileName=t100sa11_1709_109.pdf,110/06/29,0
1710,東聯,3.屬化學工業者,化學工業,其他查驗證單位：,https://mops.twse.com.tw/server-java/FileDownLoad?step=9&filePath=/home/html/nas/protect/t100/&fileName=t100sa11_1710_109.pdf,110/06/28,0
1711,永光,3.屬化學工業者,化學工業,其他查驗證單位：,https://mops.twse.com.tw/server-java/FileDownLoad?step=9&filePath=/home/html/nas/protect/t100/&fileName=t100sa11_1711_109.pdf,110/06/18,0
1712,興農,3.屬化學工業者,化學工業,其他查驗證單位：,https://mops.twse.com.tw/server-java/FileDownLoad?step=9&filePath=/home/html/nas/protect/t100/&fileName=t100sa11_1712_109.pdf,110/06/30,0
1713,國化,3.屬化學工業者,化學工業,會計師事務所：,https://mops.twse.com.tw/server-java/FileDownLoad?step=9&filePath=/home/html/nas/protect/t100/&fileName=t100sa11_1713_109.pdf,110/08/18,0
1714,和桐,3.屬化學工業者、5.股本達新臺幣五十億元以上者,化學工業,無,https://mops.twse.com.tw/server-java/FileDownLoad?step=9&filePath=/home/html/nas/protect/t100/&fileName=t100sa11_1714_109.pdf,110/06/30,0
1717,長興,3.屬化學工業者、5.股本達新臺幣五十億元以上者,化學工業,其他查驗證單位：,https://mops.twse.com.tw/server-java/FileDownLoad?step=9&filePath=/home/html/nas/protect/t100/&fileName=t100sa11_1717_109.pdf,110/06/21,0
1718,中纖,3.屬化學工業者、5.股本達新臺幣五十億元以上者,化學工業,無,https://mops.twse.com.tw/server-java/FileDownLoad?step=9&filePath=/home/html/nas/protect/t100/&fileName=t100sa11_1718_109.pdf,110/06/25,0
1720,生達,6.係自願編製與申報,生技醫療業,無,https://mops.twse.com.tw/server-java/FileDownLoad?step=9&filePath=/home/html/nas/protect/t100/&fileName=t100sa11_1720_109.pdf,110/09/30,0
1721,三晃,3.屬化學工業者,化學工業,無,https://mops.twse.com.tw/server-java/FileDownLoad?step=9&filePath=/home/html/nas/protect/t100/&fileName=t100sa11_1721_109.pdf,110/05/21,0
1722,台肥,3.屬化學工業者,化學工業,其他查驗證單位：,https://mops.twse.com.tw/server-java/FileDownLoad?step=9&filePath=/home/html/nas/protect/t100/&fileName=t100sa11_1722_109.pdf,110/06/30,0
1723,中碳,3.屬化學工業者,化學工業,其他查驗證單位：,https://mops.twse.com.tw/server-java/FileDownLoad?step=9&filePath=/home/html/nas/protect/t100/&fileName=t100sa11_1723_109.pdf,110/06/29,0
1725,元禎,3.屬化學工業者,化學工業,無,https://mops.twse.com.tw/server-java/FileDownLoad?step=9&filePath=/home/html/nas/protect/t100/&fileName=t100sa11_1725_109.pdf,110/06/17,0
1726,永記,3.屬化學工業者,化學工業,無,https://mops.twse.com.tw/server-java/FileDownLoad?step=9&filePath=/home/html/nas/protect/t100/&fileName=t100sa11_1726_109.pdf,110/06/25,0
1727,中華化,3.屬化學工業者,化學工業,無,https://mops.twse.com.tw/server-java/FileDownLoad?step=9&filePath=/home/html/nas/protect/t100/&fileName=t100sa11_1727_109.pdf,110/06/24,0
1730,花仙子,3.屬化學工業者,化學工業,無,https://mops.twse.com.tw/server-java/FileDownLoad?step=9&filePath=/home/html/nas/protect/t100/&fileName=t100sa11_1730_109.pdf,110/06/30,0
1732,毛寶,3.屬化學工業者,化學工業,無,https://mops.twse.com.tw/server-java/FileDownLoad?step=9&filePath=/home/html/nas/protect/t100/&fileName=t100sa11_1732_109.pdf,110/05/25,0
1733,五鼎,6.係自願編製與申報,生技醫療業,無,https://mops.twse.com.tw/server-java/FileDownLoad?step=9&filePath=/home/html/nas/protect/t100/&fileName=t100sa11_1733_109.pdf,110/09/08,0
1735,日勝化,3.屬化學工業者,化學工業,無,https://mops.twse.com.tw/server-java/FileDownLoad?step=9&filePath=/home/html/nas/protect/t100/&fileName=t100sa11_1735_109.pdf,110/06/29,0
1737,臺鹽,1.屬食品工業者,食品工業,會計師事務所：,https://mops.twse.com.tw/server-java/FileDownLoad?step=9&filePath=/home/html/nas/protect/t100/&fileName=t100sa11_1737_109.pdf,110/09/23,0
1762,中化生,6.係自願編製與申報,生技醫療業,無,https://mops.twse.com.tw/server-java/FileDownLoad?step=9&filePath=/home/html/nas/protect/t100/&fileName=t100sa11_1762_109.pdf,110/06/25,0
1773,勝一,3.屬化學工業者,化學工業,無,https://mops.twse.com.tw/server-java/FileDownLoad?step=9&filePath=/home/html/nas/protect/t100/&fileName=t100sa11_1773_109.pdf,110/06/30,0
1776,展宇,3.屬化學工業者,化學工業,無,https://mops.twse.com.tw/server-java/FileDownLoad?step=9&filePath=/home/html/nas/protect/t100/&fileName=t100sa11_1776_109.pdf,110/06/30,0
1789,神隆,5.股本達新臺幣五十億元以上者,生技醫療業,會計師事務所：,https://mops.twse.com.tw/server-java/FileDownLoad?step=9&filePath=/home/html/nas/protect/t100/&fileName=t100sa11_1789_109.pdf,110/09/30,0
1795,美時,6.係自願編製與申報,生技醫療業,無,https://mops.twse.com.tw/server-java/FileDownLoad?step=9&filePath=/home/html/nas/protect/t100/&fileName=t100sa11_1795_109.pdf,110/06/30,0
1802,台玻,5.股本達新臺幣五十億元以上者,玻璃陶瓷,會計師事務所：,https://mops.twse.com.tw/server-java/FileDownLoad?step=9&filePath=/home/html/nas/protect/t100/&fileName=t100sa11_1802_109.pdf,110/10/01,0
1904,正隆,5.股本達新臺幣五十億元以上者,造紙工業,其他查驗證單位：,https://mops.twse.com.tw/server-java/FileDownLoad?step=9&filePath=/home/html/nas/protect/t100/&fileName=t100sa11_1904_109.pdf,110/06/23,0
1905,華紙,5.股本達新臺幣五十億元以上者,造紙工業,其他查驗證單位：,https://mops.twse.com.tw/server-java/FileDownLoad?step=9&filePath=/home/html/nas/protect/t100/&fileName=t100sa11_1905_109.pdf,110/06/28,0
1907,永豐餘,5.股本達新臺幣五十億元以上者,造紙工業,其他查驗證單位：,https://mops.twse.com.tw/server-java/FileDownLoad?step=9&filePath=/home/html/nas/protect/t100/&fileName=t100sa11_1907_109.pdf,110/06/28,0
1909,榮成,5.股本達新臺幣五十億元以上者,造紙工業,其他查驗證單位：,https://mops.twse.com.tw/server-java/FileDownLoad?step=9&filePath=/home/html/nas/protect/t100/&fileName=t100sa11_1909_109.pdf,110/07/12,0
2002,中鋼,5.股本達新臺幣五十億元以上者,鋼鐵工業,其他查驗證單位：,https://mops.twse.com.tw/server-java/FileDownLoad?step=9&filePath=/home/html/nas/protect/t100/&fileName=t100sa11_2002_109.pdf,110/06/30,0
2006,東和鋼鐵,5.股本達新臺幣五十億元以上者,鋼鐵工業,其他查驗證單位：,https://mops.twse.com.tw/server-java/FileDownLoad?step=9&filePath=/home/html/nas/protect/t100/&fileName=t100sa11_2006_109.pdf,110/06/29,0
2007,燁興,5.股本達新臺幣五十億元以上者,鋼鐵工業,無,https://mops.twse.com.tw/server-java/FileDownLoad?step=9&filePath=/home/html/nas/protect/t100/&fileName=t100sa11_2007_109.pdf,110/05/05,0
2010,春源,5.股本達新臺幣五十億元以上者,鋼鐵工業,無,https://mops.twse.com.tw/server-java/FileDownLoad?step=9&filePath=/home/html/nas/protect/t100/&fileName=t100sa11_2010_109.pdf,110/06/25,0
2013,中鋼構,6.係自願編製與申報,鋼鐵工業,無,https://mops.twse.com.tw/server-java/FileDownLoad?step=9&filePath=/home/html/nas/protect/t100/&fileName=t100sa11_2013_109.pdf,110/09/28,0
2014,中鴻,5.股本達新臺幣五十億元以上者,鋼鐵工業,其他查驗證單位：,https://mops.twse.com.tw/server-java/FileDownLoad?step=9&filePath=/home/html/nas/protect/t100/&fileName=t100sa11_2014_109.pdf,110/06/28,0
2015,豐興,5.股本達新臺幣五十億元以上者,鋼鐵工業,無,https://mops.twse.com.tw/server-java/FileDownLoad?step=9&filePath=/home/html/nas/protect/t100/&fileName=t100sa11_2015_109.pdf,110/06/30,0
2017,官田鋼,6.係自願編製與申報,鋼鐵工業,無,https://mops.twse.com.tw/server-java/FileDownLoad?step=9&filePath=/home/html/nas/protect/t100/&fileName=t100sa11_2017_109.pdf,110/07/20,0
2023,燁輝,5.股本達新臺幣五十億元以上者,鋼鐵工業,其他查驗證單位：,https://mops.twse.com.tw/server-java/FileDownLoad?step=9&filePath=/home/html/nas/protect/t100/&fileName=t100sa11_2023_109.pdf,110/06/21,0
2027,大成鋼,5.股本達新臺幣五十億元以上者,鋼鐵工業,無,https://mops.twse.com.tw/server-java/FileDownLoad?step=9&filePath=/home/html/nas/protect/t100/&fileName=t100sa11_2027_109.pdf,110/06/22,0
2031,新光鋼,6.係自願編製與申報,鋼鐵工業,會計師事務所：,https://mops.twse.com.tw/server-java/FileDownLoad?step=9&filePath=/home/html/nas/protect/t100/&fileName=t100sa11_2031_109.pdf,110/08/26,0
2049,上銀,6.係自願編製與申報,電機機械,其他查驗證單位：,https://mops.twse.com.tw/server-java/FileDownLoad?step=9&filePath=/home/html/nas/protect/t100/&fileName=t100sa11_2049_109.pdf,110/06/30,0
2059,川湖,6.係自願編製與申報,電子零組件業,無,https://mops.twse.com.tw/server-java/FileDownLoad?step=9&filePath=/home/html/nas/protect/t100/&fileName=t100sa11_2059_109.pdf,110/08/13,0
2062,橋椿,6.係自願編製與申報,居家生活,無,https://mops.twse.com.tw/server-java/FileDownLoad?step=9&filePath=/home/html/nas/protect/t100/&fileName=t100sa11_2062_109.pdf,110/09/30,0
2101,南港,5.股本達新臺幣五十億元以上者,橡膠工業,其他查驗證單位：,https://mops.twse.com.tw/server-java/FileDownLoad?step=9&filePath=/home/html/nas/protect/t100/&fileName=t100sa11_2101_109.pdf,110/06/30,0
2102,泰豐,6.係自願編製與申報,橡膠工業,無,https://mops.twse.com.tw/server-java/FileDownLoad?step=9&filePath=/home/html/nas/protect/t100/&fileName=t100sa11_2102_109.pdf,110/09/30,0
2103,台橡,5.股本達新臺幣五十億元以上者,橡膠工業,其他查驗證單位：,https://mops.twse.com.tw/server-java/FileDownLoad?step=9&filePath=/home/html/nas/protect/t100/&fileName=t100sa11_2103_109.pdf,110/06/22,0
2104,國際中橡,5.股本達新臺幣五十億元以上者,橡膠工業,會計師事務所：,https://mops.twse.com.tw/server-java/FileDownLoad?step=9&filePath=/home/html/nas/protect/t100/&fileName=t100sa11_2104_109.pdf,110/08/02,0
2105,正新,5.股本達新臺幣五十億元以上者,橡膠工業,無,https://mops.twse.com.tw/server-java/FileDownLoad?step=9&filePath=/home/html/nas/protect/t100/&fileName=t100sa11_2105_109.pdf,110/06/22,0
2106,建大,5.股本達新臺幣五十億元以上者,橡膠工業,無,https://mops.twse.com.tw/server-java/FileDownLoad?step=9&filePath=/home/html/nas/protect/t100/&fileName=t100sa11_2106_109.pdf,110/06/15,0
2108,南帝,6.係自願編製與申報,橡膠工業,無,https://mops.twse.com.tw/server-java/FileDownLoad?step=9&filePath=/home/html/nas/protect/t100/&fileName=t100sa11_2108_109.pdf,110/09/29,0
2201,裕隆,5.股本達新臺幣五十億元以上者,汽車工業,無,https://mops.twse.com.tw/server-java/FileDownLoad?step=9&filePath=/home/html/nas/protect/t100/&fileName=t100sa11_2201_109.pdf,110/06/30,0
2204,中華,5.股本達新臺幣五十億元以上者,汽車工業,其他查驗證單位：,https://mops.twse.com.tw/server-java/FileDownLoad?step=9&filePath=/home/html/nas/protect/t100/&fileName=t100sa11_2204_109.pdf,110/06/30,1
2206,三陽工業,5.股本達新臺幣五十億元以上者,汽車工業,無,https://mops.twse.com.tw/server-java/FileDownLoad?step=9&filePath=/home/html/nas/protect/t100/&fileName=t100sa11_2206_109.pdf,110/06/30,0
2207,和泰車,5.股本達新臺幣五十億元以上者,汽車工業,其他查驗證單位：,https://mops.twse.com.tw/server-java/FileDownLoad?step=9&filePath=/home/html/nas/protect/t100/&fileName=t100sa11_2207_109.pdf,110/06/30,0
2208,台船,5.股本達新臺幣五十億元以上者,航運業,無,https://mops.twse.com.tw/server-java/FileDownLoad?step=9&filePath=/home/html/nas/protect/t100/&fileName=t100sa11_2208_109.pdf,110/06/29,0
2227,裕日車,6.係自願編製與申報,汽車工業,無,https://mops.twse.com.tw/server-java/FileDownLoad?step=9&filePath=/home/html/nas/protect/t100/&fileName=t100sa11_2227_109.pdf,110/06/30,0
2301,光寶科,5.股本達新臺幣五十億元以上者,電腦及週邊設備業,其他查驗證單位：,https://mops.twse.com.tw/server-java/FileDownLoad?step=9&filePath=/home/html/nas/protect/t100/&fileName=t100sa11_2301_109.pdf,110/06/28,0
2303,聯電,5.股本達新臺幣五十億元以上者,半導體業,其他查驗證單位：,https://mops.twse.com.tw/server-java/FileDownLoad?step=9&filePath=/home/html/nas/protect/t100/&fileName=t100sa11_2303_109.pdf,110/06/30,0
2308,台達電,5.股本達新臺幣五十億元以上者,電子零組件業,會計師事務所：,https://mops.twse.com.tw/server-java/FileDownLoad?step=9&filePath=/home/html/nas/protect/t100/&fileName=t100sa11_2308_109.pdf,110/08/31,0
2312,金寶,5.股本達新臺幣五十億元以上者,其他電子業,無,https://mops.twse.com.tw/server-java/FileDownLoad?step=9&filePath=/home/html/nas/protect/t100/&fileName=t100sa11_2312_109.pdf,110/06/29,0
2313,華通,5.股本達新臺幣五十億元以上者,電子零組件業,其他查驗證單位：,https://mops.twse.com.tw/server-java/FileDownLoad?step=9&filePath=/home/html/nas/protect/t100/&fileName=t100sa11_2313_109.pdf,110/06/23,0
2314,台揚,6.係自願編製與申報,通信網路業,無,https://mops.twse.com.tw/server-java/FileDownLoad?step=9&filePath=/home/html/nas/protect/t100/&fileName=t100sa11_2314_109.pdf,110/06/21,0
2317,鴻海,5.股本達新臺幣五十億元以上者,其他電子業,其他查驗證單位：,https://mops.twse.com.tw/server-java/FileDownLoad?step=9&filePath=/home/html/nas/protect/t100/&fileName=t100sa11_2317_109.pdf,110/06/30,1
2323,中環,5.股本達新臺幣五十億元以上者,光電業,無,https://mops.twse.com.tw/server-java/FileDownLoad?step=9&filePath=/home/html/nas/protect/t100/&fileName=t100sa11_2323_109.pdf,110/06/30,0
2324,仁寶,5.股本達新臺幣五十億元以上者,電腦及週邊設備業,其他查驗證單位：,https://mops.twse.com.tw/server-java/FileDownLoad?step=9&filePath=/home/html/nas/protect/t100/&fileName=t100sa11_2324_109.pdf,110/06/30,0
2327,國巨,6.係自願編製與申報,電子零組件業,會計師事務所：,https://mops.twse.com.tw/server-java/FileDownLoad?step=9&filePath=/home/html/nas/protect/t100/&fileName=t100sa11_2327_109.pdf,110/09/30,0
2328,廣宇,5.股本達新臺幣五十億元以上者,電子零組件業,無,https://mops.twse.com.tw/server-java/FileDownLoad?step=9&filePath=/home/html/nas/protect/t100/&fileName=t100sa11_2328_109.pdf,110/06/28,0
2329,華泰,5.股本達新臺幣五十億元以上者,半導體業,無,https://mops.twse.com.tw/server-java/FileDownLoad?step=9&filePath=/home/html/nas/protect/t100/&fileName=t100sa11_2329_109.pdf,110/06/30,0
2330,台積電,5.股本達新臺幣五十億元以上者,半導體業,其他查驗證單位：,https://mops.twse.com.tw/server-java/FileDownLoad?step=9&filePath=/home/html/nas/protect/t100/&fileName=t100sa11_2330_109.pdf,110/06/30,0
2331,精英,5.股本達新臺幣五十億元以上者,電腦及週邊設備業,無,https://mops.twse.com.tw/server-java/FileDownLoad?step=9&filePath=/home/html/nas/protect/t100/&fileName=t100sa11_2331_109.pdf,110/06/29,0
2332,友訊,5.股本達新臺幣五十億元以上者,通信網路業,無,https://mops.twse.com.tw/server-java/FileDownLoad?step=9&filePath=/home/html/nas/protect/t100/&fileName=t100sa11_2332_109.pdf,110/06/30,0
2337,旺宏,5.股本達新臺幣五十億元以上者,半導體業,其他查驗證單位：,https://mops.twse.com.tw/server-java/FileDownLoad?step=9&filePath=/home/html/nas/protect/t100/&fileName=t100sa11_2337_109.pdf,110/06/29,0
2340,台亞,6.係自願編製與申報,半導體業,無,https://mops.twse.com.tw/server-java/FileDownLoad?step=9&filePath=/home/html/nas/protect/t100/&fileName=t100sa11_2340_109.pdf,110/06/30,0
2344,華邦電,5.股本達新臺幣五十億元以上者,半導體業,其他查驗證單位：,https://mops.twse.com.tw/server-java/FileDownLoad?step=9&filePath=/home/html/nas/protect/t100/&fileName=t100sa11_2344_109.pdf,110/06/28,0
2345,智邦,5.股本達新臺幣五十億元以上者,通信網路業,其他查驗證單位：,https://mops.twse.com.tw/server-java/FileDownLoad?step=9&filePath=/home/html/nas/protect/t100/&fileName=t100sa11_2345_109.pdf,110/06/29,0
2347,聯強,5.股本達新臺幣五十億元以上者,電子通路業,會計師事務所：,https://mops.twse.com.tw/server-java/FileDownLoad?step=9&filePath=/home/html/nas/protect/t100/&fileName=t100sa11_2347_109.pdf,110/09/30,0
2349,錸德,5.股本達新臺幣五十億元以上者,光電業,無,https://mops.twse.com.tw/server-java/FileDownLoad?step=9&filePath=/home/html/nas/protect/t100/&fileName=t100sa11_2349_109.pdf,110/06/18,0
2351,順德,6.係自願編製與申報,半導體業,其他查驗證單位：,https://mops.twse.com.tw/server-java/FileDownLoad?step=9&filePath=/home/html/nas/protect/t100/&fileName=t100sa11_2351_109.pdf,110/09/28,0
2352,佳世達,5.股本達新臺幣五十億元以上者,電腦及週邊設備業,其他查驗證單位：,https://mops.twse.com.tw/server-java/FileDownLoad?step=9&filePath=/home/html/nas/protect/t100/&fileName=t100sa11_2352_109.pdf,110/06/28,0
2353,宏,5.股本達新臺幣五十億元以上者,電腦及週邊設備業,會計師事務所：,https://mops.twse.com.tw/server-java/FileDownLoad?step=9&filePath=/home/html/nas/protect/t100/&fileName=t100sa11_2353_109.pdf,110/06/30,0
2354,鴻準,5.股本達新臺幣五十億元以上者,其他電子業,其他查驗證單位：,https://mops.twse.com.tw/server-java/FileDownLoad?step=9&filePath=/home/html/nas/protect/t100/&fileName=t100sa11_2354_109.pdf,110/06/25,0
2356,英業達,5.股本達新臺幣五十億元以上者,電腦及週邊設備業,其他查驗證單位：,https://mops.twse.com.tw/server-java/FileDownLoad?step=9&filePath=/home/html/nas/protect/t100/&fileName=t100sa11_2356_109.pdf,110/06/28,0
2357,華碩,5.股本達新臺幣五十億元以上者,電腦及週邊設備業,其他查驗證單位：,https://mops.twse.com.tw/server-java/FileDownLoad?step=9&filePath=/home/html/nas/protect/t100/&fileName=t100sa11_2357_109.pdf,110/06/30,0
2360,致茂,6.係自願編製與申報,其他電子業,其他查驗證單位：,https://mops.twse.com.tw/server-java/FileDownLoad?step=9&filePath=/home/html/nas/protect/t100/&fileName=t100sa11_2360_109.pdf,110/09/29,0
2362,藍天,5.股本達新臺幣五十億元以上者,電腦及週邊設備業,會計師事務所：,https://mops.twse.com.tw/server-java/FileDownLoad?step=9&filePath=/home/html/nas/protect/t100/&fileName=t100sa11_2362_109.pdf,110/08/30,0
2363,矽統,5.股本達新臺幣五十億元以上者,半導體業,無,https://mops.twse.com.tw/server-java/FileDownLoad?step=9&filePath=/home/html/nas/protect/t100/&fileName=t100sa11_2363_109.pdf,110/06/21,0
2367,燿華,5.股本達新臺幣五十億元以上者,電子零組件業,其他查驗證單位：,https://mops.twse.com.tw/server-java/FileDownLoad?step=9&filePath=/home/html/nas/protect/t100/&fileName=t100sa11_2367_109.pdf,110/06/24,0
2368,金像電,5.股本達新臺幣五十億元以上者,電子零組件業,無,https://mops.twse.com.tw/server-java/FileDownLoad?step=9&filePath=/home/html/nas/protect/t100/&fileName=t100sa11_2368_109.pdf,110/06/30,0
2371,大同,5.股本達新臺幣五十億元以上者,電機機械,其他查驗證單位：,https://mops.twse.com.tw/server-java/FileDownLoad?step=9&filePath=/home/html/nas/protect/t100/&fileName=t100sa11_2371_109.pdf,110/06/28,0
2376,技嘉,5.股本達新臺幣五十億元以上者,電腦及週邊設備業,無,https://mops.twse.com.tw/server-java/FileDownLoad?step=9&filePath=/home/html/nas/protect/t100/&fileName=t100sa11_2376_109.pdf,110/06/25,0
2377,微星,5.股本達新臺幣五十億元以上者,電腦及週邊設備業,其他查驗證單位：,https://mops.twse.com.tw/server-java/FileDownLoad?step=9&filePath=/home/html/nas/protect/t100/&fileName=t100sa11_2377_109.pdf,110/06/28,0
2379,瑞昱,5.股本達新臺幣五十億元以上者,半導體業,其他查驗證單位：,https://mops.twse.com.tw/server-java/FileDownLoad?step=9&filePath=/home/html/nas/protect/t100/&fileName=t100sa11_2379_109.pdf,110/06/30,0
2382,廣達,5.股本達新臺幣五十億元以上者,電腦及週邊設備業,其他查驗證單位：,https://mops.twse.com.tw/server-java/FileDownLoad?step=9&filePath=/home/html/nas/protect/t100/&fileName=t100sa11_2382_109.pdf,110/06/30,0
2383,台光電,6.係自願編製與申報,電子零組件業,其他查驗證單位：,https://mops.twse.com.tw/server-java/FileDownLoad?step=9&filePath=/home/html/nas/protect/t100/&fileName=t100sa11_2383_109.pdf,110/06/30,0
2385,群光,5.股本達新臺幣五十億元以上者,電子零組件業,其他查驗證單位：,https://mops.twse.com.tw/server-java/FileDownLoad?step=9&filePath=/home/html/nas/protect/t100/&fileName=t100sa11_2385_109.pdf,110/06/25,0
2392,正崴,5.股本達新臺幣五十億元以上者,電子零組件業,無,https://mops.twse.com.tw/server-java/FileDownLoad?step=9&filePath=/home/html/nas/protect/t100/&fileName=t100sa11_2392_109.pdf,110/06/28,0
2393,億光,6.係自願編製與申報,光電業,其他查驗證單位：,https://mops.twse.com.tw/server-java/FileDownLoad?step=9&filePath=/home/html/nas/protect/t100/&fileName=t100sa11_2393_109.pdf,110/07/30,0
2395,研華,5.股本達新臺幣五十億元以上者,電腦及週邊設備業,其他查驗證單位：,https://mops.twse.com.tw/server-java/FileDownLoad?step=9&filePath=/home/html/nas/protect/t100/&fileName=t100sa11_2395_109.pdf,110/06/21,0
2401,凌陽,5.股本達新臺幣五十億元以上者,半導體業,無,https://mops.twse.com.tw/server-java/FileDownLoad?step=9&filePath=/home/html/nas/protect/t100/&fileName=t100sa11_2401_109.pdf,110/06/11,0
2408,南亞科,5.股本達新臺幣五十億元以上者,半導體業,其他查驗證單位：,https://mops.twse.com.tw/server-java/FileDownLoad?step=9&filePath=/home/html/nas/protect/t100/&fileName=t100sa11_2408_109.pdf,110/06/29,0
2409,友達,5.股本達新臺幣五十億元以上者,光電業,會計師事務所：,https://mops.twse.com.tw/server-java/FileDownLoad?step=9&filePath=/home/html/nas/protect/t100/&fileName=t100sa11_2409_109.pdf,110/06/30,0
2412,中華電,5.股本達新臺幣五十億元以上者,通信網路業,其他查驗證單位：,https://mops.twse.com.tw/server-java/FileDownLoad?step=9&filePath=/home/html/nas/protect/t100/&fileName=t100sa11_2412_109.pdf,110/06/30,0
2417,圓剛,6.係自願編製與申報,電腦及週邊設備業,其他查驗證單位：,https://mops.twse.com.tw/server-java/FileDownLoad?step=9&filePath=/home/html/nas/protect/t100/&fileName=t100sa11_2417_109.pdf,110/09/24,0
2420,新巨,6.係自願編製與申報,電子零組件業,無,https://mops.twse.com.tw/server-java/FileDownLoad?step=9&filePath=/home/html/nas/protect/t100/&fileName=t100sa11_2420_109.pdf,110/08/17,0
2421,建準,6.係自願編製與申報,電子零組件業,無,https://mops.twse.com.tw/server-java/FileDownLoad?step=9&filePath=/home/html/nas/protect/t100/&fileName=t100sa11_2421_109.pdf,110/10/06,0
2423,固緯,6.係自願編製與申報,其他電子業,無,https://mops.twse.com.tw/server-java/FileDownLoad?step=9&filePath=/home/html/nas/protect/t100/&fileName=t100sa11_2423_109.pdf,110/09/22,0
2439,美律,6.係自願編製與申報,通信網路業,其他查驗證單位：,https://mops.twse.com.tw/server-java/FileDownLoad?step=9&filePath=/home/html/nas/protect/t100/&fileName=t100sa11_2439_109.pdf,110/08/31,0
2441,超豐,5.股本達新臺幣五十億元以上者,半導體業,無,https://mops.twse.com.tw/server-java/FileDownLoad?step=9&filePath=/home/html/nas/protect/t100/&fileName=t100sa11_2441_109.pdf,110/06/25,0
2442,新美齊,6.係自願編製與申報,建材營造,無,https://mops.twse.com.tw/server-java/FileDownLoad?step=9&filePath=/home/html/nas/protect/t100/&fileName=t100sa11_2442_109.pdf,110/06/28,0
2449,京元電子,5.股本達新臺幣五十億元以上者,半導體業,無,https://mops.twse.com.tw/server-java/FileDownLoad?step=9&filePath=/home/html/nas/protect/t100/&fileName=t100sa11_2449_109.pdf,110/06/30,0
2450,神腦,6.係自願編製與申報,通信網路業,其他查驗證單位：,https://mops.twse.com.tw/server-java/FileDownLoad?step=9&filePath=/home/html/nas/protect/t100/&fileName=t100sa11_2450_109.pdf,110/09/03,0
2454,聯發科,5.股本達新臺幣五十億元以上者,半導體業,其他查驗證單位：,https://mops.twse.com.tw/server-java/FileDownLoad?step=9&filePath=/home/html/nas/protect/t100/&fileName=t100sa11_2454_109.pdf,110/06/30,0
2457,飛宏,6.係自願編製與申報,電子零組件業,其他查驗證單位：,https://mops.twse.com.tw/server-java/FileDownLoad?step=9&filePath=/home/html/nas/protect/t100/&fileName=t100sa11_2457_109.pdf,110/08/26,0
2458,義隆,6.係自願編製與申報,半導體業,其他查驗證單位：,https://mops.twse.com.tw/server-java/FileDownLoad?step=9&filePath=/home/html/nas/protect/t100/&fileName=t100sa11_2458_109.pdf,110/08/18,0
2474,可成,5.股本達新臺幣五十億元以上者,其他電子業,無,https://mops.twse.com.tw/server-java/FileDownLoad?step=9&filePath=/home/html/nas/protect/t100/&fileName=t100sa11_2474_109.pdf,110/06/30,0
2480,敦陽科,6.係自願編製與申報,資訊服務業,無,https://mops.twse.com.tw/server-java/FileDownLoad?step=9&filePath=/home/html/nas/protect/t100/&fileName=t100sa11_2480_109.pdf,110/07/01,0
2484,希華,6.係自願編製與申報,電子零組件業,無,https://mops.twse.com.tw/server-java/FileDownLoad?step=9&filePath=/home/html/nas/protect/t100/&fileName=t100sa11_2484_109.pdf,110/08/23,0
2489,瑞軒,5.股本達新臺幣五十億元以上者,光電業,無,https://mops.twse.com.tw/server-java/FileDownLoad?step=9&filePath=/home/html/nas/protect/t100/&fileName=t100sa11_2489_109.pdf,110/06/30,0
2492,華新科,6.係自願編製與申報,電子零組件業,其他查驗證單位：,https://mops.twse.com.tw/server-java/FileDownLoad?step=9&filePath=/home/html/nas/protect/t100/&fileName=t100sa11_2492_109.pdf,110/06/24,0
2498,宏達電,5.股本達新臺幣五十億元以上者,通信網路業,其他查驗證單位：,https://mops.twse.com.tw/server-java/FileDownLoad?step=9&filePath=/home/html/nas/protect/t100/&fileName=t100sa11_2498_109.pdf,110/06/29,0
2501,國建,5.股本達新臺幣五十億元以上者,建材營造,會計師事務所：,https://mops.twse.com.tw/server-java/FileDownLoad?step=9&filePath=/home/html/nas/protect/t100/&fileName=t100sa11_2501_109.pdf,110/08/31,0
2504,國產,5.股本達新臺幣五十億元以上者,建材營造,無,https://mops.twse.com.tw/server-java/FileDownLoad?step=9&filePath=/home/html/nas/protect/t100/&fileName=t100sa11_2504_109.pdf,110/06/30,0
2505,國揚,6.係自願編製與申報,建材營造,無,https://mops.twse.com.tw/server-java/FileDownLoad?step=9&filePath=/home/html/nas/protect/t100/&fileName=t100sa11_2505_109.pdf,110/06/30,0
2511,太子,5.股本達新臺幣五十億元以上者,建材營造,會計師事務所：,https://mops.twse.com.tw/server-java/FileDownLoad?step=9&filePath=/home/html/nas/protect/t100/&fileName=t100sa11_2511_109.pdf,110/09/23,0
2515,中工,5.股本達新臺幣五十億元以上者,建材營造,無,https://mops.twse.com.tw/server-java/FileDownLoad?step=9&filePath=/home/html/nas/protect/t100/&fileName=t100sa11_2515_109.pdf,110/06/24,0
2520,冠德,5.股本達新臺幣五十億元以上者,建材營造,其他查驗證單位：,https://mops.twse.com.tw/server-java/FileDownLoad?step=9&filePath=/home/html/nas/protect/t100/&fileName=t100sa11_2520_109.pdf,110/06/30,0
2530,華建,5.股本達新臺幣五十億元以上者,建材營造,無,https://mops.twse.com.tw/server-java/FileDownLoad?step=9&filePath=/home/html/nas/protect/t100/&fileName=t100sa11_2530_109.pdf,110/09/30,0
2534,宏盛,6.係自願編製與申報,建材營造,無,https://mops.twse.com.tw/server-java/FileDownLoad?step=9&filePath=/home/html/nas/protect/t100/&fileName=t100sa11_2534_109.pdf,110/06/29,0
2535,達欣工,6.係自願編製與申報,建材營造,其他查驗證單位：,https://mops.twse.com.tw/server-java/FileDownLoad?step=9&filePath=/home/html/nas/protect/t100/&fileName=t100sa11_2535_109.pdf,110/08/10,0
2539,櫻花建,5.股本達新臺幣五十億元以上者,建材營造,無,https://mops.twse.com.tw/server-java/FileDownLoad?step=9&filePath=/home/html/nas/protect/t100/&fileName=t100sa11_2539_109.pdf,110/09/30,0
2542,興富發,5.股本達新臺幣五十億元以上者,建材營造,無,https://mops.twse.com.tw/server-java/FileDownLoad?step=9&filePath=/home/html/nas/protect/t100/&fileName=t100sa11_2542_109.pdf,110/06/30,0
2546,根基,6.係自願編製與申報,建材營造,其他查驗證單位：,https://mops.twse.com.tw/server-java/FileDownLoad?step=9&filePath=/home/html/nas/protect/t100/&fileName=t100sa11_2546_109.pdf,110/09/15,0
2547,日勝生,5.股本達新臺幣五十億元以上者,建材營造,會計師事務所：,https://mops.twse.com.tw/server-java/FileDownLoad?step=9&filePath=/home/html/nas/protect/t100/&fileName=t100sa11_2547_109.pdf,110/08/06,0
2601,益航,5.股本達新臺幣五十億元以上者,貿易百貨,無,https://mops.twse.com.tw/server-java/FileDownLoad?step=9&filePath=/home/html/nas/protect/t100/&fileName=t100sa11_2601_109.pdf,110/06/25,0
2603,長榮,5.股本達新臺幣五十億元以上者,航運業,會計師事務所：,https://mops.twse.com.tw/server-java/FileDownLoad?step=9&filePath=/home/html/nas/protect/t100/&fileName=t100sa11_2603_109.pdf,110/08/03,0
2605,新興,5.股本達新臺幣五十億元以上者,航運業,無,https://mops.twse.com.tw/server-java/FileDownLoad?step=9&filePath=/home/html/nas/protect/t100/&fileName=t100sa11_2605_109.pdf,110/07/01,0
2606,裕民,5.股本達新臺幣五十億元以上者,航運業,其他查驗證單位：,https://mops.twse.com.tw/server-java/FileDownLoad?step=9&filePath=/home/html/nas/protect/t100/&fileName=t100sa11_2606_109.pdf,110/06/29,0
2607,榮運,5.股本達新臺幣五十億元以上者,航運業,無,https://mops.twse.com.tw/server-java/FileDownLoad?step=9&filePath=/home/html/nas/protect/t100/&fileName=t100sa11_2607_109.pdf,110/06/30,0
2609,陽明,5.股本達新臺幣五十億元以上者,航運業,其他查驗證單位：,https://mops.twse.com.tw/server-java/FileDownLoad?step=9&filePath=/home/html/nas/protect/t100/&fileName=t100sa11_2609_109.pdf,110/06/30,4
2610,華航,5.股本達新臺幣五十億元以上者,航運業,會計師事務所：,https://mops.twse.com.tw/server-java/FileDownLoad?step=9&filePath=/home/html/nas/protect/t100/&fileName=t100sa11_2610_109.pdf,110/06/30,2
2614,東森,5.股本達新臺幣五十億元以上者,其他,會計師事務所：,https://mops.twse.com.tw/server-java/FileDownLoad?step=9&filePath=/home/html/nas/protect/t100/&fileName=t100sa11_2614_109.pdf,110/07/30,0
2615,萬海,5.股本達新臺幣五十億元以上者,航運業,其他查驗證單位：,https://mops.twse.com.tw/server-java/FileDownLoad?step=9&filePath=/home/html/nas/protect/t100/&fileName=t100sa11_2615_109.pdf,110/06/22,0
2618,長榮航,5.股本達新臺幣五十億元以上者,航運業,其他查驗證單位：,https://mops.twse.com.tw/server-java/FileDownLoad?step=9&filePath=/home/html/nas/protect/t100/&fileName=t100sa11_2618_109.pdf,110/06/30,0
2633,台灣高鐵,5.股本達新臺幣五十億元以上者,航運業,其他查驗證單位：,https://mops.twse.com.tw/server-java/FileDownLoad?step=9&filePath=/home/html/nas/protect/t100/&fileName=t100sa11_2633_109.pdf,110/06/29,0
2634,漢翔,5.股本達新臺幣五十億元以上者,航運業,其他查驗證單位：,https://mops.twse.com.tw/server-java/FileDownLoad?step=9&filePath=/home/html/nas/protect/t100/&fileName=t100sa11_2634_109.pdf,110/06/21,0
2636,台驊投控,6.係自願編製與申報,航運業,無,https://mops.twse.com.tw/server-java/FileDownLoad?step=9&filePath=/home/html/nas/protect/t100/&fileName=t100sa11_2636_109.pdf,110/06/30,0
2637,慧洋-KY,5.股本達新臺幣五十億元以上者,航運業,無,https://mops.twse.com.tw/server-java/FileDownLoad?step=9&filePath=/home/html/nas/protect/t100/&fileName=t100sa11_2637_109.pdf,110/06/25,0
2642,宅配通,6.係自願編製與申報,航運業,無,https://mops.twse.com.tw/server-java/FileDownLoad?step=9&filePath=/home/html/nas/protect/t100/&fileName=t100sa11_2642_109.pdf,110/09/29,0
2704,國賓,2.屬餐飲收入占其全部營業收入之比率達百分之五十以上者,觀光餐旅,會計師事務所：,https://mops.twse.com.tw/server-java/FileDownLoad?step=9&filePath=/home/html/nas/protect/t100/&fileName=t100sa11_2704_109.pdf,110/09/28,0
2707,晶華,2.屬餐飲收入占其全部營業收入之比率達百分之五十以上者,觀光餐旅,會計師事務所：,https://mops.twse.com.tw/server-java/FileDownLoad?step=9&filePath=/home/html/nas/protect/t100/&fileName=t100sa11_2707_109.pdf,110/09/30,0
2712,遠雄來,6.係自願編製與申報,觀光餐旅,無,https://mops.twse.com.tw/server-java/FileDownLoad?step=9&filePath=/home/html/nas/protect/t100/&fileName=t100sa11_2712_109.pdf,110/12/30,0
2722,夏都,6.係自願編製與申報,觀光餐旅,無,https://mops.twse.com.tw/server-java/FileDownLoad?step=9&filePath=/home/html/nas/protect/t100/&fileName=t100sa11_2722_109.pdf,110/09/02,0
2723,美食-KY,2.屬餐飲收入占其全部營業收入之比率達百分之五十以上者,觀光餐旅,會計師事務所：,https://mops.twse.com.tw/server-java/FileDownLoad?step=9&filePath=/home/html/nas/protect/t100/&fileName=t100sa11_2723_109.pdf,110/09/06,0
2727,王品,2.屬餐飲收入占其全部營業收入之比率達百分之五十以上者,觀光餐旅,會計師事務所：,https://mops.twse.com.tw/server-java/FileDownLoad?step=9&filePath=/home/html/nas/protect/t100/&fileName=t100sa11_2727_109.pdf,110/07/30,0
2739,寒舍,2.屬餐飲收入占其全部營業收入之比率達百分之五十以上者,觀光餐旅,會計師事務所：,https://mops.twse.com.tw/server-java/FileDownLoad?step=9&filePath=/home/html/nas/protect/t100/&fileName=t100sa11_2739_109.pdf,110/09/14,0
2748,雲品,2.屬餐飲收入占其全部營業收入之比率達百分之五十以上者,觀光餐旅,會計師事務所：,https://mops.twse.com.tw/server-java/FileDownLoad?step=9&filePath=/home/html/nas/protect/t100/&fileName=t100sa11_2748_109.pdf,110/08/30,0
2801,彰銀,4.屬金融保險業者、5.股本達新臺幣五十億元以上者,金融保險業,其他查驗證單位：,https://mops.twse.com.tw/server-java/FileDownLoad?step=9&filePath=/home/html/nas/protect/t100/&fileName=t100sa11_2801_109.pdf,110/06/30,0
2809,京城銀,4.屬金融保險業者、5.股本達新臺幣五十億元以上者,金融保險業,其他查驗證單位：,https://mops.twse.com.tw/server-java/FileDownLoad?step=9&filePath=/home/html/nas/protect/t100/&fileName=t100sa11_2809_109.pdf,110/06/21,0
2812,台中銀,4.屬金融保險業者,金融保險業,其他查驗證單位：,https://mops.twse.com.tw/server-java/FileDownLoad?step=9&filePath=/home/html/nas/protect/t100/&fileName=t100sa11_2812_109.pdf,110/06/29,2
2816,旺旺保,4.屬金融保險業者,金融保險業,其他查驗證單位：,https://mops.twse.com.tw/server-java/FileDownLoad?step=9&filePath=/home/html/nas/protect/t100/&fileName=t100sa11_2816_109.pdf,110/06/30,0
2820,華票,4.屬金融保險業者,金融保險業,會計師事務所：,https://mops.twse.com.tw/server-java/FileDownLoad?step=9&filePath=/home/html/nas/protect/t100/&fileName=t100sa11_2820_109.pdf,110/08/02,0
2832,台產,4.屬金融保險業者,金融保險業,其他查驗證單位：,https://mops.twse.com.tw/server-java/FileDownLoad?step=9&filePath=/home/html/nas/protect/t100/&fileName=t100sa11_2832_109.pdf,110/06/30,0
2834,臺企銀,4.屬金融保險業者、5.股本達新臺幣五十億元以上者,金融保險業,其他查驗證單位：,https://mops.twse.com.tw/server-java/FileDownLoad?step=9&filePath=/home/html/nas/protect/t100/&fileName=t100sa11_2834_109.pdf,110/06/28,0
2836,高雄銀,4.屬金融保險業者,金融保險業,無,https://mops.twse.com.tw/server-java/FileDownLoad?step=9&filePath=/home/html/nas/protect/t100/&fileName=t100sa11_2836_109.pdf,110/06/23,0
2838,聯邦銀,4.屬金融保險業者、5.股本達新臺幣五十億元以上者,金融保險業,其他查驗證單位：,https://mops.twse.com.tw/server-java/FileDownLoad?step=9&filePath=/home/html/nas/protect/t100/&fileName=t100sa11_2838_109.pdf,110/06/29,0
2845,遠東銀,4.屬金融保險業者,金融保險業,其他查驗證單位：,https://mops.twse.com.tw/server-java/FileDownLoad?step=9&filePath=/home/html/nas/protect/t100/&fileName=t100sa11_2845_109.pdf,110/06/28,0
2849,安泰銀,4.屬金融保險業者、5.股本達新臺幣五十億元以上者,金融保險業,會計師事務所：,https://mops.twse.com.tw/server-java/FileDownLoad?step=9&filePath=/home/html/nas/protect/t100/&fileName=t100sa11_2849_109.pdf,110/09/24,0
2850,新產,4.屬金融保險業者,金融保險業,其他查驗證單位：,https://mops.twse.com.tw/server-java/FileDownLoad?step=9&filePath=/home/html/nas/protect/t100/&fileName=t100sa11_2850_109.pdf,110/06/29,0
2851,中再保,4.屬金融保險業者、5.股本達新臺幣五十億元以上者,金融保險業,其他查驗證單位：,https://mops.twse.com.tw/server-java/FileDownLoad?step=9&filePath=/home/html/nas/protect/t100/&fileName=t100sa11_2851_109.pdf,110/06/28,0
2852,第一保,4.屬金融保險業者,金融保險業,其他查驗證單位：,https://mops.twse.com.tw/server-java/FileDownLoad?step=9&filePath=/home/html/nas/protect/t100/&fileName=t100sa11_2852_109.pdf,110/06/25,0
2855,統一證,4.屬金融保險業者,金融保險業,會計師事務所：,https://mops.twse.com.tw/server-java/FileDownLoad?step=9&filePath=/home/html/nas/protect/t100/&fileName=t100sa11_2855_109.pdf,110/07/27,3
2867,三商壽,4.屬金融保險業者,金融保險業,其他查驗證單位：,https://mops.twse.com.tw/server-java/FileDownLoad?step=9&filePath=/home/html/nas/protect/t100/&fileName=t100sa11_2867_109.pdf,110/06/25,1
2880,華南金,4.屬金融保險業者、5.股本達新臺幣五十億元以上者,金融保險業,會計師事務所：,https://mops.twse.com.tw/server-java/FileDownLoad?step=9&filePath=/home/html/nas/protect/t100/&fileName=t100sa11_2880_109.pdf,110/07/30,0
2881,富邦金,4.屬金融保險業者,金融保險業,會計師事務所：,https://mops.twse.com.tw/server-java/FileDownLoad?step=9&filePath=/home/html/nas/protect/t100/&fileName=t100sa11_2881_109.pdf,110/08/11,1
2882,國泰金,4.屬金融保險業者,金融保險業,會計師事務所：,https://mops.twse.com.tw/server-java/FileDownLoad?step=9&filePath=/home/html/nas/protect/t100/&fileName=t100sa11_2882_109.pdf,110/07/09,2
2883,開發金,4.屬金融保險業者,金融保險業,其他查驗證單位：,https://mops.twse.com.tw/server-java/FileDownLoad?step=9&filePath=/home/html/nas/protect/t100/&fileName=t100sa11_2883_109.pdf,110/06/30,2
2884,玉山金,4.屬金融保險業者、5.股本達新臺幣五十億元以上者,金融保險業,會計師事務所：,https://mops.twse.com.tw/server-java/FileDownLoad?step=9&filePath=/home/html/nas/protect/t100/&fileName=t100sa11_2884_109.pdf,110/06/30,2
2885,元大金,4.屬金融保險業者、5.股本達新臺幣五十億元以上者,金融保險業,其他查驗證單位：,https://mops.twse.com.tw/server-java/FileDownLoad?step=9&filePath=/home/html/nas/protect/t100/&fileName=t100sa11_2885_109.pdf,110/06/29,0
2886,兆豐金,4.屬金融保險業者,金融保險業,其他查驗證單位：,https://mops.twse.com.tw/server-java/FileDownLoad?step=9&filePath=/home/html/nas/protect/t100/&fileName=t100sa11_2886_109.pdf,110/06/24,0
2887,台新金,4.屬金融保險業者,金融保險業,其他查驗證單位：,https://mops.twse.com.tw/server-java/FileDownLoad?step=9&filePath=/home/html/nas/protect/t100/&fileName=t100sa11_2887_109.pdf,110/06/30,4
2888,新光金,4.屬金融保險業者、5.股本達新臺幣五十億元以上者,金融保險業,其他查驗證單位：,https://mops.twse.com.tw/server-java/FileDownLoad?step=9&filePath=/home/html/nas/protect/t100/&fileName=t100sa11_2888_109.pdf,110/06/30,0
2889,國票金,4.屬金融保險業者,金融保險業,會計師事務所：,https://mops.twse.com.tw/server-java/FileDownLoad?step=9&filePath=/home/html/nas/protect/t100/&fileName=t100sa11_2889_109.pdf,110/09/24,0
2890,永豐金,4.屬金融保險業者、5.股本達新臺幣五十億元以上者,金融保險業,其他查驗證單位：,https://mops.twse.com.tw/server-java/FileDownLoad?step=9&filePath=/home/html/nas/protect/t100/&fileName=t100sa11_2890_109.pdf,110/06/30,2
2891,中信金,4.屬金融保險業者、5.股本達新臺幣五十億元以上者,金融保險業,會計師事務所：,https://mops.twse.com.tw/server-java/FileDownLoad?step=9&filePath=/home/html/nas/protect/t100/&fileName=t100sa11_2891_109.pdf,110/06/28,1
2892,第一金,4.屬金融保險業者、5.股本達新臺幣五十億元以上者,金融保險業,其他查驗證單位：,https://mops.twse.com.tw/server-java/FileDownLoad?step=9&filePath=/home/html/nas/protect/t100/&fileName=t100sa11_2892_109.pdf,110/06/30,2
2897,王道銀行,4.屬金融保險業者、5.股本達新臺幣五十億元以上者,金融保險業,其他查驗證單位：,https://mops.twse.com.tw/server-java/FileDownLoad?step=9&filePath=/home/html/nas/protect/t100/&fileName=t100sa11_2897_109.pdf,110/06/30,0
2903,遠百,5.股本達新臺幣五十億元以上者,貿易百貨,其他查驗證單位：,https://mops.twse.com.tw/server-java/FileDownLoad?step=9&filePath=/home/html/nas/protect/t100/&fileName=t100sa11_2903_109.pdf,110/06/28,0
2905,三商,5.股本達新臺幣五十億元以上者,貿易百貨,其他查驗證單位：,https://mops.twse.com.tw/server-java/FileDownLoad?step=9&filePath=/home/html/nas/protect/t100/&fileName=t100sa11_2905_109.pdf,110/06/23,1
2908,特力,5.股本達新臺幣五十億元以上者,貿易百貨,無,https://mops.twse.com.tw/server-java/FileDownLoad?step=9&filePath=/home/html/nas/protect/t100/&fileName=t100sa11_2908_109.pdf,110/06/29,0
2912,統一超,2.屬餐飲收入占其全部營業收入之比率達百分之五十以上者、5.股本達新臺幣五十億元以上者,貿易百貨,會計師事務所：,https://mops.twse.com.tw/server-java/FileDownLoad?step=9&filePath=/home/html/nas/protect/t100/&fileName=t100sa11_2912_109.pdf,110/06/29,0
2913,農林,1.屬食品工業者、5.股本達新臺幣五十億元以上者,貿易百貨,會計師事務所：,https://mops.twse.com.tw/server-java/FileDownLoad?step=9&filePath=/home/html/nas/protect/t100/&fileName=t100sa11_2913_109.pdf,110/09/30,0
2915,潤泰全,5.股本達新臺幣五十億元以上者,貿易百貨,會計師事務所：,https://mops.twse.com.tw/server-java/FileDownLoad?step=9&filePath=/home/html/nas/protect/t100/&fileName=t100sa11_2915_109.pdf,110/09/30,0
2923,鼎固-KY,5.股本達新臺幣五十億元以上者,建材營造,會計師事務所：,https://mops.twse.com.tw/server-java/FileDownLoad?step=9&filePath=/home/html/nas/protect/t100/&fileName=t100sa11_2923_109.pdf,110/09/24,0
2945,三商家購,6.係自願編製與申報,貿易百貨,無,https://mops.twse.com.tw/server-java/FileDownLoad?step=9&filePath=/home/html/nas/protect/t100/&fileName=t100sa11_2945_109.pdf,110/09/30,0
3003,健和興,6.係自願編製與申報,電子零組件業,無,https://mops.twse.com.tw/server-java/FileDownLoad?step=9&filePath=/home/html/nas/protect/t100/&fileName=t100sa11_3003_109.pdf,110/10/05,0
3005,神基,5.股本達新臺幣五十億元以上者,電腦及週邊設備業,其他查驗證單位：,https://mops.twse.com.tw/server-java/FileDownLoad?step=9&filePath=/home/html/nas/protect/t100/&fileName=t100sa11_3005_109.pdf,110/06/30,0
3006,晶豪科,6.係自願編製與申報,半導體業,無,https://mops.twse.com.tw/server-java/FileDownLoad?step=9&filePath=/home/html/nas/protect/t100/&fileName=t100sa11_3006_109.pdf,110/09/30,0
3008,大立光,6.係自願編製與申報,光電業,其他查驗證單位：,https://mops.twse.com.tw/server-java/FileDownLoad?step=9&filePath=/home/html/nas/protect/t100/&fileName=t100sa11_3008_109.pdf,110/09/29,0
3013,晟銘電,6.係自願編製與申報,電腦及週邊設備業,無,https://mops.twse.com.tw/server-java/FileDownLoad?step=9&filePath=/home/html/nas/protect/t100/&fileName=t100sa11_3013_109.pdf,110/07/15,0
3015,全漢,6.係自願編製與申報,電子零組件業,無,https://mops.twse.com.tw/server-java/FileDownLoad?step=9&filePath=/home/html/nas/protect/t100/&fileName=t100sa11_3015_109.pdf,110/09/30,0
3017,奇鋐,6.係自願編製與申報,電腦及週邊設備業,無,https://mops.twse.com.tw/server-java/FileDownLoad?step=9&filePath=/home/html/nas/protect/t100/&fileName=t100sa11_3017_109.pdf,110/06/29,0
3023,信邦,6.係自願編製與申報,電子零組件業,會計師事務所：,https://mops.twse.com.tw/server-java/FileDownLoad?step=9&filePath=/home/html/nas/protect/t100/&fileName=t100sa11_3023_109.pdf,110/09/01,0
3026,禾伸堂,6.係自願編製與申報,電子零組件業,無,https://mops.twse.com.tw/server-java/FileDownLoad?step=9&filePath=/home/html/nas/protect/t100/&fileName=t100sa11_3026_109.pdf,110/12/30,0
3034,聯詠,5.股本達新臺幣五十億元以上者,半導體業,其他查驗證單位：,https://mops.twse.com.tw/server-java/FileDownLoad?step=9&filePath=/home/html/nas/protect/t100/&fileName=t100sa11_3034_109.pdf,110/06/30,0
3035,智原,6.係自願編製與申報,半導體業,其他查驗證單位：,https://mops.twse.com.tw/server-java/FileDownLoad?step=9&filePath=/home/html/nas/protect/t100/&fileName=t100sa11_3035_109.pdf,110/09/15,0
3036,文曄,5.股本達新臺幣五十億元以上者,電子通路業,其他查驗證單位：,https://mops.twse.com.tw/server-java/FileDownLoad?step=9&filePath=/home/html/nas/protect/t100/&fileName=t100sa11_3036_109.pdf,110/06/30,4
3037,欣興,5.股本達新臺幣五十億元以上者,電子零組件業,其他查驗證單位：,https://mops.twse.com.tw/server-java/FileDownLoad?step=9&filePath=/home/html/nas/protect/t100/&fileName=t100sa11_3037_109.pdf,110/06/25,0
3038,全台,6.係自願編製與申報,光電業,無,https://mops.twse.com.tw/server-java/FileDownLoad?step=9&filePath=/home/html/nas/protect/t100/&fileName=t100sa11_3038_109.pdf,110/09/24,0
3042,晶技,6.係自願編製與申報,電子零組件業,其他查驗證單位：,https://mops.twse.com.tw/server-java/FileDownLoad?step=9&filePath=/home/html/nas/protect/t100/&fileName=t100sa11_3042_109.pdf,110/08/31,0
3044,健鼎,5.股本達新臺幣五十億元以上者,電子零組件業,無,https://mops.twse.com.tw/server-java/FileDownLoad?step=9&filePath=/home/html/nas/protect/t100/&fileName=t100sa11_3044_109.pdf,110/06/25,0
3045,台灣大,5.股本達新臺幣五十億元以上者,通信網路業,會計師事務所：,https://mops.twse.com.tw/server-java/FileDownLoad?step=9&filePath=/home/html/nas/protect/t100/&fileName=t100sa11_3045_109.pdf,110/09/07,0
3049,精金,5.股本達新臺幣五十億元以上者,光電業,無,https://mops.twse.com.tw/server-java/FileDownLoad?step=9&filePath=/home/html/nas/protect/t100/&fileName=t100sa11_3049_109.pdf,110/06/28,0
3062,建漢,6.係自願編製與申報,通信網路業,無,https://mops.twse.com.tw/server-java/FileDownLoad?step=9&filePath=/home/html/nas/protect/t100/&fileName=t100sa11_3062_109.pdf,110/09/30,0
3094,聯傑,6.係自願編製與申報,半導體業,無,https://mops.twse.com.tw/server-java/FileDownLoad?step=9&filePath=/home/html/nas/protect/t100/&fileName=t100sa11_3094_109.pdf,110/06/29,0
3130,一零四,6.係自願編製與申報,數位雲端,無,https://mops.twse.com.tw/server-java/FileDownLoad?step=9&filePath=/home/html/nas/protect/t100/&fileName=t100sa11_3130_109.pdf,110/06/16,0
3189,景碩,6.係自願編製與申報,半導體業,其他查驗證單位：,https://mops.twse.com.tw/server-java/FileDownLoad?step=9&filePath=/home/html/nas/protect/t100/&fileName=t100sa11_3189_109.pdf,110/09/30,0
3231,緯創,5.股本達新臺幣五十億元以上者,電腦及週邊設備業,其他查驗證單位：,https://mops.twse.com.tw/server-java/FileDownLoad?step=9&filePath=/home/html/nas/protect/t100/&fileName=t100sa11_3231_109.pdf,110/06/28,14
3380,明泰,5.股本達新臺幣五十億元以上者,通信網路業,其他查驗證單位：,https://mops.twse.com.tw/server-java/FileDownLoad?step=9&filePath=/home/html/nas/protect/t100/&fileName=t100sa11_3380_109.pdf,110/06/25,0
3413,京鼎,6.係自願編製與申報,半導體業,其他查驗證單位：,https://mops.twse.com.tw/server-java/FileDownLoad?step=9&filePath=/home/html/nas/protect/t100/&fileName=t100sa11_3413_109.pdf,110/09/15,0
3416,融程電,6.係自願編製與申報,電腦及週邊設備業,無,https://mops.twse.com.tw/server-java/FileDownLoad?step=9&filePath=/home/html/nas/protect/t100/&fileName=t100sa11_3416_109.pdf,110/07/15,0
3443,創意,6.係自願編製與申報,半導體業,其他查驗證單位：,https://mops.twse.com.tw/server-java/FileDownLoad?step=9&filePath=/home/html/nas/protect/t100/&fileName=t100sa11_3443_109.pdf,110/05/31,0
3447,展達,6.係自願編製與申報,通信網路業,其他查驗證單位：,https://mops.twse.com.tw/server-java/FileDownLoad?step=9&filePath=/home/html/nas/protect/t100/&fileName=t100sa11_3447_109.pdf,111/07/13,0
3454,晶睿,6.係自願編製與申報,光電業,無,https://mops.twse.com.tw/server-java/FileDownLoad?step=9&filePath=/home/html/nas/protect/t100/&fileName=t100sa11_3454_109.pdf,110/09/29,0
3481,群創,5.股本達新臺幣五十億元以上者,光電業,其他查驗證單位：,https://mops.twse.com.tw/server-java/FileDownLoad?step=9&filePath=/home/html/nas/protect/t100/&fileName=t100sa11_3481_109.pdf,110/06/30,0
3504,揚明光,6.係自願編製與申報,光電業,無,https://mops.twse.com.tw/server-java/FileDownLoad?step=9&filePath=/home/html/nas/protect/t100/&fileName=t100sa11_3504_109.pdf,110/09/28,0
3515,華擎,6.係自願編製與申報,電腦及週邊設備業,其他查驗證單位：,https://mops.twse.com.tw/server-java/FileDownLoad?step=9&filePath=/home/html/nas/protect/t100/&fileName=t100sa11_3515_109.pdf,110/09/03,0
3532,台勝科,6.係自願編製與申報,半導體業,其他查驗證單位：,https://mops.twse.com.tw/server-java/FileDownLoad?step=9&filePath=/home/html/nas/protect/t100/&fileName=t100sa11_3532_109.pdf,110/06/30,0
3533,嘉澤,6.係自願編製與申報,電子零組件業,其他查驗證單位：,https://mops.twse.com.tw/server-java/FileDownLoad?step=9&filePath=/home/html/nas/protect/t100/&fileName=t100sa11_3533_109.pdf,110/09/22,0
3545,敦泰,6.係自願編製與申報,半導體業,其他查驗證單位：,https://mops.twse.com.tw/server-java/FileDownLoad?step=9&filePath=/home/html/nas/protect/t100/&fileName=t100sa11_3545_109.pdf,110/09/28,0
3576,聯合再生,5.股本達新臺幣五十億元以上者,光電業,其他查驗證單位：,https://mops.twse.com.tw/server-java/FileDownLoad?step=9&filePath=/home/html/nas/protect/t100/&fileName=t100sa11_3576_109.pdf,110/06/22,0
3596,智易,6.係自願編製與申報,通信網路業,其他查驗證單位：,https://mops.twse.com.tw/server-java/FileDownLoad?step=9&filePath=/home/html/nas/protect/t100/&fileName=t100sa11_3596_109.pdf,110/09/09,0
3605,宏致,6.係自願編製與申報,電子零組件業,其他查驗證單位：,https://mops.twse.com.tw/server-java/FileDownLoad?step=9&filePath=/home/html/nas/protect/t100/&fileName=t100sa11_3605_109.pdf,110/06/30,0
3645,達邁,6.係自願編製與申報,電子零組件業,無,https://mops.twse.com.tw/server-java/FileDownLoad?step=9&filePath=/home/html/nas/protect/t100/&fileName=t100sa11_3645_109.pdf,110/11/30,0
3665,貿聯-KY,6.係自願編製與申報,其他電子業,其他查驗證單位：,https://mops.twse.com.tw/server-java/FileDownLoad?step=9&filePath=/home/html/nas/protect/t100/&fileName=t100sa11_3665_109.pdf,110/09/30,0
3669,圓展,6.係自願編製與申報,通信網路業,其他查驗證單位：,https://mops.twse.com.tw/server-java/FileDownLoad?step=9&filePath=/home/html/nas/protect/t100/&fileName=t100sa11_3669_109.pdf,110/09/29,0
3682,亞太電,5.股本達新臺幣五十億元以上者,通信網路業,其他查驗證單位：,https://mops.twse.com.tw/server-java/FileDownLoad?step=9&filePath=/home/html/nas/protect/t100/&fileName=t100sa11_3682_109.pdf,110/06/30,0
3702,大聯大,5.股本達新臺幣五十億元以上者,電子通路業,會計師事務所：,https://mops.twse.com.tw/server-java/FileDownLoad?step=9&filePath=/home/html/nas/protect/t100/&fileName=t100sa11_3702_109.pdf,110/08/06,0
3703,欣陸,5.股本達新臺幣五十億元以上者,建材營造,無,https://mops.twse.com.tw/server-java/FileDownLoad?step=9&filePath=/home/html/nas/protect/t100/&fileName=t100sa11_3703_109.pdf,110/06/28,0
3704,合勤控,6.係自願編製與申報,通信網路業,無,https://mops.twse.com.tw/server-java/FileDownLoad?step=9&filePath=/home/html/nas/protect/t100/&fileName=t100sa11_3704_109.pdf,110/09/30,0
3706,神達,5.股本達新臺幣五十億元以上者,電腦及週邊設備業,無,https://mops.twse.com.tw/server-java/FileDownLoad?step=9&filePath=/home/html/nas/protect/t100/&fileName=t100sa11_3706_109.pdf,110/06/29,0
3708,上緯投控,3.屬化學工業者,綠能環保,會計師事務所：,https://mops.twse.com.tw/server-java/FileDownLoad?step=9&filePath=/home/html/nas/protect/t100/&fileName=t100sa11_3708_109.pdf,110/07/09,0
3711,日月光投控,5.股本達新臺幣五十億元以上者,半導體業,會計師事務所：,https://mops.twse.com.tw/server-java/FileDownLoad?step=9&filePath=/home/html/nas/protect/t100/&fileName=t100sa11_3711_109.pdf,110/09/16,1
4106,雃博,6.係自願編製與申報,生技醫療業,無,https://mops.twse.com.tw/server-java/FileDownLoad?step=9&filePath=/home/html/nas/protect/t100/&fileName=t100sa11_4106_109.pdf,110/09/29,0
4164,承業醫,6.係自願編製與申報,生技醫療業,無,https://mops.twse.com.tw/server-java/FileDownLoad?step=9&filePath=/home/html/nas/protect/t100/&fileName=t100sa11_4164_109.pdf,110/06/29,0
4306,炎洲,5.股本達新臺幣五十億元以上者,塑膠工業,無,https://mops.twse.com.tw/server-java/FileDownLoad?step=9&filePath=/home/html/nas/protect/t100/&fileName=t100sa11_4306_109.pdf,110/06/30,0
4414,如興,5.股本達新臺幣五十億元以上者,紡織纖維,無,https://mops.twse.com.tw/server-java/FileDownLoad?step=9&filePath=/home/html/nas/protect/t100/&fileName=t100sa11_4414_109.pdf,110/06/30,0
4526,東台,6.係自願編製與申報,電機機械,無,https://mops.twse.com.tw/server-java/FileDownLoad?step=9&filePath=/home/html/nas/protect/t100/&fileName=t100sa11_4526_109.pdf,110/09/29,0
4532,瑞智,5.股本達新臺幣五十億元以上者,電機機械,其他查驗證單位：,https://mops.twse.com.tw/server-java/FileDownLoad?step=9&filePath=/home/html/nas/protect/t100/&fileName=t100sa11_4532_109.pdf,110/04/22,0
4576,大銀微系統,6.係自願編製與申報,電機機械,其他查驗證單位：,https://mops.twse.com.tw/server-java/FileDownLoad?step=9&filePath=/home/html/nas/protect/t100/&fileName=t100sa11_4576_109.pdf,110/08/03,0
4720,德淵,3.屬化學工業者,化學工業,無,https://mops.twse.com.tw/server-java/FileDownLoad?step=9&filePath=/home/html/nas/protect/t100/&fileName=t100sa11_4720_109.pdf,110/06/30,0
4722,國精化,3.屬化學工業者,化學工業,無,https://mops.twse.com.tw/server-java/FileDownLoad?step=9&filePath=/home/html/nas/protect/t100/&fileName=t100sa11_4722_109.pdf,110/06/30,0
4739,康普,3.屬化學工業者,化學工業,會計師事務所：,https://mops.twse.com.tw/server-java/FileDownLoad?step=9&filePath=/home/html/nas/protect/t100/&fileName=t100sa11_4739_109.pdf,110/05/26,0
4755,三福化,3.屬化學工業者,化學工業,無,https://mops.twse.com.tw/server-java/FileDownLoad?step=9&filePath=/home/html/nas/protect/t100/&fileName=t100sa11_4755_109.pdf,110/06/30,0
4763,材料-KY,3.屬化學工業者,化學工業,無,https://mops.twse.com.tw/server-java/FileDownLoad?step=9&filePath=/home/html/nas/protect/t100/&fileName=t100sa11_4763_109.pdf,110/06/29,0
4764,雙鍵,3.屬化學工業者,化學工業,其他查驗證單位：,https://mops.twse.com.tw/server-java/FileDownLoad?step=9&filePath=/home/html/nas/protect/t100/&fileName=t100sa11_4764_109.pdf,110/06/22,0
4766,南寶,3.屬化學工業者,化學工業,無,https://mops.twse.com.tw/server-java/FileDownLoad?step=9&filePath=/home/html/nas/protect/t100/&fileName=t100sa11_4766_109.pdf,110/06/30,0
4904,遠傳,5.股本達新臺幣五十億元以上者,通信網路業,其他查驗證單位：,https://mops.twse.com.tw/server-java/FileDownLoad?step=9&filePath=/home/html/nas/protect/t100/&fileName=t100sa11_4904_109.pdf,110/06/28,0
4906,正文,6.係自願編製與申報,通信網路業,無,https://mops.twse.com.tw/server-java/FileDownLoad?step=9&filePath=/home/html/nas/protect/t100/&fileName=t100sa11_4906_109.pdf,110/09/30,0
4915,致伸,6.係自願編製與申報,電子零組件業,其他查驗證單位：,https://mops.twse.com.tw/server-java/FileDownLoad?step=9&filePath=/home/html/nas/protect/t100/&fileName=t100sa11_4915_109.pdf,110/06/30,0
4919,新唐,6.係自願編製與申報,半導體業,其他查驗證單位：,https://mops.twse.com.tw/server-java/FileDownLoad?step=9&filePath=/home/html/nas/protect/t100/&fileName=t100sa11_4919_109.pdf,110/09/30,0
4927,泰鼎-KY,6.係自願編製與申報,電子零組件業,其他查驗證單位：,https://mops.twse.com.tw/server-java/FileDownLoad?step=9&filePath=/home/html/nas/protect/t100/&fileName=t100sa11_4927_109.pdf,110/06/28,0
4938,和碩,5.股本達新臺幣五十億元以上者,電腦及週邊設備業,其他查驗證單位：,https://mops.twse.com.tw/server-java/FileDownLoad?step=9&filePath=/home/html/nas/protect/t100/&fileName=t100sa11_4938_109.pdf,110/06/30,0
4958,臻鼎-KY,5.股本達新臺幣五十億元以上者,電子零組件業,會計師事務所：,https://mops.twse.com.tw/server-java/FileDownLoad?step=9&filePath=/home/html/nas/protect/t100/&fileName=t100sa11_4958_109.pdf,110/06/28,0
4960,誠美材,5.股本達新臺幣五十億元以上者,光電業,無,https://mops.twse.com.tw/server-java/FileDownLoad?step=9&filePath=/home/html/nas/protect/t100/&fileName=t100sa11_4960_109.pdf,110/06/30,0
4961,天鈺,6.係自願編製與申報,半導體業,其他查驗證單位：,https://mops.twse.com.tw/server-java/FileDownLoad?step=9&filePath=/home/html/nas/protect/t100/&fileName=t100sa11_4961_109.pdf,110/09/30,0
5285,界霖,6.係自願編製與申報,半導體業,無,https://mops.twse.com.tw/server-java/FileDownLoad?step=9&filePath=/home/html/nas/protect/t100/&fileName=t100sa11_5285_109.pdf,110/06/04,0
5288,豐祥-KY,6.係自願編製與申報,電機機械,無,https://mops.twse.com.tw/server-java/FileDownLoad?step=9&filePath=/home/html/nas/protect/t100/&fileName=t100sa11_5288_109.pdf,110/09/30,0
5306,桂盟,6.係自願編製與申報,運動休閒,無,https://mops.twse.com.tw/server-java/FileDownLoad?step=9&filePath=/home/html/nas/protect/t100/&fileName=t100sa11_5306_109.pdf,110/09/30,0
5388,中磊,6.係自願編製與申報,通信網路業,會計師事務所：,https://mops.twse.com.tw/server-java/FileDownLoad?step=9&filePath=/home/html/nas/protect/t100/&fileName=t100sa11_5388_109.pdf,110/09/01,0
5434,崇越,6.係自願編製與申報,電子通路業,其他查驗證單位：,https://mops.twse.com.tw/server-java/FileDownLoad?step=9&filePath=/home/html/nas/protect/t100/&fileName=t100sa11_5434_109.pdf,110/08/18,0
5469,瀚宇博,5.股本達新臺幣五十億元以上者,電子零組件業,無,https://mops.twse.com.tw/server-java/FileDownLoad?step=9&filePath=/home/html/nas/protect/t100/&fileName=t100sa11_5469_109.pdf,110/06/30,0
5471,松翰,6.係自願編製與申報,半導體業,無,https://mops.twse.com.tw/server-java/FileDownLoad?step=9&filePath=/home/html/nas/protect/t100/&fileName=t100sa11_5471_109.pdf,110/09/29,0
5515,建國,6.係自願編製與申報,建材營造,無,https://mops.twse.com.tw/server-java/FileDownLoad?step=9&filePath=/home/html/nas/protect/t100/&fileName=t100sa11_5515_109.pdf,110/07/09,0
5521,工信,6.係自願編製與申報,建材營造,無,https://mops.twse.com.tw/server-java/FileDownLoad?step=9&filePath=/home/html/nas/protect/t100/&fileName=t100sa11_5521_109.pdf,110/06/30,0
5522,遠雄,5.股本達新臺幣五十億元以上者,建材營造,會計師事務所：,https://mops.twse.com.tw/server-java/FileDownLoad?step=9&filePath=/home/html/nas/protect/t100/&fileName=t100sa11_5522_109.pdf,110/09/28,0
5531,鄉林,5.股本達新臺幣五十億元以上者,建材營造,無,https://mops.twse.com.tw/server-java/FileDownLoad?step=9&filePath=/home/html/nas/protect/t100/&fileName=t100sa11_5531_109.pdf,110/06/23,0
5608,四維航,6.係自願編製與申報,航運業,無,https://mops.twse.com.tw/server-java/FileDownLoad?step=9&filePath=/home/html/nas/protect/t100/&fileName=t100sa11_5608_109.pdf,110/12/29,0
5871,中租-KY,5.股本達新臺幣五十億元以上者,其他,其他查驗證單位：,https://mops.twse.com.tw/server-java/FileDownLoad?step=9&filePath=/home/html/nas/protect/t100/&fileName=t100sa11_5871_109.pdf,110/06/30,0
5876,上海商銀,4.屬金融保險業者、5.股本達新臺幣五十億元以上者,金融保險業,會計師事務所：,https://mops.twse.com.tw/server-java/FileDownLoad?step=9&filePath=/home/html/nas/protect/t100/&fileName=t100sa11_5876_109.pdf,110/06/24,0
5880,合庫金,4.屬金融保險業者,金融保險業,會計師事務所：,https://mops.twse.com.tw/server-java/FileDownLoad?step=9&filePath=/home/html/nas/protect/t100/&fileName=t100sa11_5880_109.pdf,110/08/20,2
6005,群益證,4.屬金融保險業者、5.股本達新臺幣五十億元以上者,金融保險業,其他查驗證單位：,https://mops.twse.com.tw/server-java/FileDownLoad?step=9&filePath=/home/html/nas/protect/t100/&fileName=t100sa11_6005_109.pdf,110/06/25,0
6024,群益期,4.屬金融保險業者,金融保險業,無,https://mops.twse.com.tw/server-java/FileDownLoad?step=9&filePath=/home/html/nas/protect/t100/&fileName=t100sa11_6024_109.pdf,110/06/30,0
6112,邁達特,6.係自願編製與申報,資訊服務業,其他查驗證單位：,https://mops.twse.com.tw/server-java/FileDownLoad?step=9&filePath=/home/html/nas/protect/t100/&fileName=t100sa11_6112_109.pdf,110/09/30,0
6116,彩晶,5.股本達新臺幣五十億元以上者,光電業,會計師事務所：,https://mops.twse.com.tw/server-java/FileDownLoad?step=9&filePath=/home/html/nas/protect/t100/&fileName=t100sa11_6116_109.pdf,110/06/30,0
6120,達運,5.股本達新臺幣五十億元以上者,光電業,無,https://mops.twse.com.tw/server-java/FileDownLoad?step=9&filePath=/home/html/nas/protect/t100/&fileName=t100sa11_6120_109.pdf,110/06/23,0
6128,上福,6.係自願編製與申報,電腦及週邊設備業,其他查驗證單位：,https://mops.twse.com.tw/server-java/FileDownLoad?step=9&filePath=/home/html/nas/protect/t100/&fileName=t100sa11_6128_109.pdf,110/09/27,0
6153,嘉聯益,5.股本達新臺幣五十億元以上者,電子零組件業,無,https://mops.twse.com.tw/server-java/FileDownLoad?step=9&filePath=/home/html/nas/protect/t100/&fileName=t100sa11_6153_109.pdf,110/06/29,0
6176,瑞儀,6.係自願編製與申報,光電業,其他查驗證單位：,https://mops.twse.com.tw/server-java/FileDownLoad?step=9&filePath=/home/html/nas/protect/t100/&fileName=t100sa11_6176_109.pdf,110/07/09,0
6183,關貿,6.係自願編製與申報,資訊服務業,會計師事務所：,https://mops.twse.com.tw/server-java/FileDownLoad?step=9&filePath=/home/html/nas/protect/t100/&fileName=t100sa11_6183_109.pdf,110/08/11,0
6191,精成科,5.股本達新臺幣五十億元以上者,電子零組件業,無,https://mops.twse.com.tw/server-java/FileDownLoad?step=9&filePath=/home/html/nas/protect/t100/&fileName=t100sa11_6191_109.pdf,110/06/29,0
6196,帆宣,6.係自願編製與申報,其他電子業,無,https://mops.twse.com.tw/server-java/FileDownLoad?step=9&filePath=/home/html/nas/protect/t100/&fileName=t100sa11_6196_109.pdf,110/06/10,0
6202,盛群,6.係自願編製與申報,半導體業,無,https://mops.twse.com.tw/server-java/FileDownLoad?step=9&filePath=/home/html/nas/protect/t100/&fileName=t100sa11_6202_109.pdf,110/09/15,0
6206,飛捷,6.係自願編製與申報,電腦及週邊設備業,無,https://mops.twse.com.tw/server-java/FileDownLoad?step=9&filePath=/home/html/nas/protect/t100/&fileName=t100sa11_6206_109.pdf,110/07/26,0
6213,聯茂,6.係自願編製與申報,電子零組件業,其他查驗證單位：,https://mops.twse.com.tw/server-java/FileDownLoad?step=9&filePath=/home/html/nas/protect/t100/&fileName=t100sa11_6213_109.pdf,110/11/16,0
6214,精誠,6.係自願編製與申報,資訊服務業,其他查驗證單位：,https://mops.twse.com.tw/server-java/FileDownLoad?step=9&filePath=/home/html/nas/protect/t100/&fileName=t100sa11_6214_109.pdf,110/08/13,0
6215,和椿,6.係自願編製與申報,其他電子業,無,https://mops.twse.com.tw/server-java/FileDownLoad?step=9&filePath=/home/html/nas/protect/t100/&fileName=t100sa11_6215_109.pdf,110/09/30,0
6239,力成,5.股本達新臺幣五十億元以上者,半導體業,其他查驗證單位：,https://mops.twse.com.tw/server-java/FileDownLoad?step=9&filePath=/home/html/nas/protect/t100/&fileName=t100sa11_6239_109.pdf,110/06/29,0
6269,台郡,6.係自願編製與申報,電子零組件業,其他查驗證單位：,https://mops.twse.com.tw/server-java/FileDownLoad?step=9&filePath=/home/html/nas/protect/t100/&fileName=t100sa11_6269_109.pdf,110/09/10,0
6277,宏正,6.係自願編製與申報,電腦及週邊設備業,其他查驗證單位：,https://mops.twse.com.tw/server-java/FileDownLoad?step=9&filePath=/home/html/nas/protect/t100/&fileName=t100sa11_6277_109.pdf,110/08/06,0
6278,台表科,6.係自願編製與申報,光電業,無,https://mops.twse.com.tw/server-java/FileDownLoad?step=9&filePath=/home/html/nas/protect/t100/&fileName=t100sa11_6278_109.pdf,111/01/18,0
6282,康舒,5.股本達新臺幣五十億元以上者,電子零組件業,其他查驗證單位：,https://mops.twse.com.tw/server-java/FileDownLoad?step=9&filePath=/home/html/nas/protect/t100/&fileName=t100sa11_6282_109.pdf,110/06/30,0
6285,啟,6.係自願編製與申報,通信網路業,其他查驗證單位：,https://mops.twse.com.tw/server-java/FileDownLoad?step=9&filePath=/home/html/nas/protect/t100/&fileName=t100sa11_6285_109.pdf,110/06/30,1
6288,聯嘉,6.係自願編製與申報,汽車工業,無,https://mops.twse.com.tw/server-java/FileDownLoad?step=9&filePath=/home/html/nas/protect/t100/&fileName=t100sa11_6288_109.pdf,110/09/30,0
6409,旭隼,6.係自願編製與申報,其他電子業,其他查驗證單位：,https://mops.twse.com.tw/server-java/FileDownLoad?step=9&filePath=/home/html/nas/protect/t100/&fileName=t100sa11_6409_109.pdf,110/06/30,0
6412,群電,6.係自願編製與申報,電子零組件業,其他查驗證單位：,https://mops.twse.com.tw/server-java/FileDownLoad?step=9&filePath=/home/html/nas/protect/t100/&fileName=t100sa11_6412_109.pdf,110/09/23,0
6426,統新,6.係自願編製與申報,通信網路業,會計師事務所：,https://mops.twse.com.tw/server-java/FileDownLoad?step=9&filePath=/home/html/nas/protect/t100/&fileName=t100sa11_6426_109.pdf,110/09/29,0
6442,光聖,6.係自願編製與申報,通信網路業,無,https://mops.twse.com.tw/server-java/FileDownLoad?step=9&filePath=/home/html/nas/protect/t100/&fileName=t100sa11_6442_109.pdf,110/06/28,0
6464,台數科,6.係自願編製與申報,其他,會計師事務所：,https://mops.twse.com.tw/server-java/FileDownLoad?step=9&filePath=/home/html/nas/protect/t100/&fileName=t100sa11_6464_109.pdf,110/09/29,0
6477,安集,6.係自願編製與申報,光電業,無,https://mops.twse.com.tw/server-java/FileDownLoad?step=9&filePath=/home/html/nas/protect/t100/&fileName=t100sa11_6477_109.pdf,110/06/29,0
6491,晶碩,6.係自願編製與申報,生技醫療業,其他查驗證單位：,https://mops.twse.com.tw/server-java/FileDownLoad?step=9&filePath=/home/html/nas/protect/t100/&fileName=t100sa11_6491_109.pdf,110/09/14,0
6505,台塑化,5.股本達新臺幣五十億元以上者,油電燃氣業,其他查驗證單位：,https://mops.twse.com.tw/server-java/FileDownLoad?step=9&filePath=/home/html/nas/protect/t100/&fileName=t100sa11_6505_109.pdf,110/06/30,0
6579,研揚,6.係自願編製與申報,電腦及週邊設備業,無,https://mops.twse.com.tw/server-java/FileDownLoad?step=9&filePath=/home/html/nas/protect/t100/&fileName=t100sa11_6579_109.pdf,110/06/30,0
6581,鋼聯,6.係自願編製與申報,綠能環保,其他查驗證單位：,https://mops.twse.com.tw/server-java/FileDownLoad?step=9&filePath=/home/html/nas/protect/t100/&fileName=t100sa11_6581_109.pdf,110/09/27,0
6592,和潤企業,5.股本達新臺幣五十億元以上者,其他,會計師事務所：,https://mops.twse.com.tw/server-java/FileDownLoad?step=9&filePath=/home/html/nas/protect/t100/&fileName=t100sa11_6592_109.pdf,110/06/30,0
6668,中揚光,6.係自願編製與申報,光電業,無,https://mops.twse.com.tw/server-java/FileDownLoad?step=9&filePath=/home/html/nas/protect/t100/&fileName=t100sa11_6668_109.pdf,110/09/30,0
6669,緯穎,6.係自願編製與申報,電腦及週邊設備業,其他查驗證單位：,https://mops.twse.com.tw/server-java/FileDownLoad?step=9&filePath=/home/html/nas/protect/t100/&fileName=t100sa11_6669_109.pdf,110/06/30,0
6689,伊雲谷,6.係自願編製與申報,數位雲端,會計師事務所：,https://mops.twse.com.tw/server-java/FileDownLoad?step=9&filePath=/home/html/nas/protect/t100/&fileName=t100sa11_6689_109.pdf,110/08/10,0
8021,尖點,6.係自願編製與申報,其他電子業,其他查驗證單位：,https://mops.twse.com.tw/server-java/FileDownLoad?step=9&filePath=/home/html/nas/protect/t100/&fileName=t100sa11_8021_109.pdf,110/06/30,0
8039,台虹,6.係自願編製與申報,電子零組件業,無,https://mops.twse.com.tw/server-java/FileDownLoad?step=9&filePath=/home/html/nas/protect/t100/&fileName=t100sa11_8039_109.pdf,110/06/29,0
8046,南電,5.股本達新臺幣五十億元以上者,電子零組件業,其他查驗證單位：,https://mops.twse.com.tw/server-java/FileDownLoad?step=9&filePath=/home/html/nas/protect/t100/&fileName=t100sa11_8046_109.pdf,110/06/29,0
8103,瀚荃,6.係自願編製與申報,電子零組件業,無,https://mops.twse.com.tw/server-java/FileDownLoad?step=9&filePath=/home/html/nas/protect/t100/&fileName=t100sa11_8103_109.pdf,110/08/06,0
8105,凌巨,6.係自願編製與申報,光電業,無,https://mops.twse.com.tw/server-java/FileDownLoad?step=9&filePath=/home/html/nas/protect/t100/&fileName=t100sa11_8105_109.pdf,110/08/12,0
8110,華東,5.股本達新臺幣五十億元以上者,半導體業,無,https://mops.twse.com.tw/server-java/FileDownLoad?step=9&filePath=/home/html/nas/protect/t100/&fileName=t100sa11_8110_109.pdf,110/06/29,0
8150,南茂,5.股本達新臺幣五十億元以上者,半導體業,其他查驗證單位：,https://mops.twse.com.tw/server-java/FileDownLoad?step=9&filePath=/home/html/nas/protect/t100/&fileName=t100sa11_8150_109.pdf,110/06/30,0
8163,達方,6.係自願編製與申報,電腦及週邊設備業,其他查驗證單位：,https://mops.twse.com.tw/server-java/FileDownLoad?step=9&filePath=/home/html/nas/protect/t100/&fileName=t100sa11_8163_109.pdf,110/09/30,0
8201,無敵,6.係自願編製與申報,其他電子業,無,https://mops.twse.com.tw/server-java/FileDownLoad?step=9&filePath=/home/html/nas/protect/t100/&fileName=t100sa11_8201_109.pdf,110/08/12,0
8210,勤誠,6.係自願編製與申報,電腦及週邊設備業,無,https://mops.twse.com.tw/server-java/FileDownLoad?step=9&filePath=/home/html/nas/protect/t100/&fileName=t100sa11_8210_109.pdf,110/09/30,0
8215,明基材,6.係自願編製與申報,光電業,其他查驗證單位：,https://mops.twse.com.tw/server-java/FileDownLoad?step=9&filePath=/home/html/nas/protect/t100/&fileName=t100sa11_8215_109.pdf,110/08/16,0
8271,宇瞻,6.係自願編製與申報,半導體業,其他查驗證單位：,https://mops.twse.com.tw/server-java/FileDownLoad?step=9&filePath=/home/html/nas/protect/t100/&fileName=t100sa11_8271_109.pdf,110/08/18,0
8341,日友,6.係自願編製與申報,綠能環保,無,https://mops.twse.com.tw/server-java/FileDownLoad?step=9&filePath=/home/html/nas/protect/t100/&fileName=t100sa11_8341_109.pdf,110/08/06,0
8422,可寧衛,6.係自願編製與申報,綠能環保,其他查驗證單位：,https://mops.twse.com.tw/server-java/FileDownLoad?step=9&filePath=/home/html/nas/protect/t100/&fileName=t100sa11_8422_109.pdf,110/08/30,0
8454,富邦媒,6.係自願編製與申報,數位雲端,其他查驗證單位：,https://mops.twse.com.tw/server-java/FileDownLoad?step=9&filePath=/home/html/nas/protect/t100/&fileName=t100sa11_8454_109.pdf,110/08/19,0
8464,億豐,6.係自願編製與申報,居家生活,會計師事務所：,https://mops.twse.com.tw/server-java/FileDownLoad?step=9&filePath=/home/html/nas/protect/t100/&fileName=t100sa11_8464_109.pdf,110/09/06,0
8473,山林水,6.係自願編製與申報,綠能環保,無,https://mops.twse.com.tw/server-java/FileDownLoad?step=9&filePath=/home/html/nas/protect/t100/&fileName=t100sa11_8473_109.pdf,110/09/30,0
8926,台汽電,5.股本達新臺幣五十億元以上者,油電燃氣業,會計師事務所：,https://mops.twse.com.tw/server-java/FileDownLoad?step=9&filePath=/home/html/nas/protect/t100/&fileName=t100sa11_8926_109.pdf,110/06/30,0
8940,新天地,2.屬餐飲收入占其全部營業收入之比率達百分之五十以上者,觀光餐旅,會計師事務所：,https://mops.twse.com.tw/server-java/FileDownLoad?step=9&filePath=/home/html/nas/protect/t100/&fileName=t100sa11_8940_109.pdf,110/09/30,0
9904,寶成,5.股本達新臺幣五十億元以上者,運動休閒,其他查驗證單位：,https://mops.twse.com.tw/server-java/FileDownLoad?step=9&filePath=/home/html/nas/protect/t100/&fileName=t100sa11_9904_109.pdf,110/06/30,0
9907,統一實,5.股本達新臺幣五十億元以上者,其他,會計師事務所：,https://mops.twse.com.tw/server-java/FileDownLoad?step=9&filePath=/home/html/nas/protect/t100/&fileName=t100sa11_9907_109.pdf,110/07/23,0
9908,大台北,5.股本達新臺幣五十億元以上者,油電燃氣業,無,https://mops.twse.com.tw/server-java/FileDownLoad?step=9&filePath=/home/html/nas/protect/t100/&fileName=t100sa11_9908_109.pdf,110/06/21,0
9910,豐泰,5.股本達新臺幣五十億元以上者,運動休閒,無,https://mops.twse.com.tw/server-java/FileDownLoad?step=9&filePath=/home/html/nas/protect/t100/&fileName=t100sa11_9910_109.pdf,110/06/11,0
9911,櫻花,6.係自願編製與申報,居家生活,無,https://mops.twse.com.tw/server-java/FileDownLoad?step=9&filePath=/home/html/nas/protect/t100/&fileName=t100sa11_9911_109.pdf,110/09/06,0
9917,中保科,6.係自願編製與申報,其他,會計師事務所：,https://mops.twse.com.tw/server-java/FileDownLoad?step=9&filePath=/home/html/nas/protect/t100/&fileName=t100sa11_9917_109.pdf,110/08/31,0
9924,福興,6.係自願編製與申報,居家生活,無,https://mops.twse.com.tw/server-java/FileDownLoad?step=9&filePath=/home/html/nas/protect/t100/&fileName=t100sa11_9924_109.pdf,110/09/10,0
9925,新保,6.係自願編製與申報,其他,其他查驗證單位：,https://mops.twse.com.tw/server-java/FileDownLoad?step=9&filePath=/home/html/nas/protect/t100/&fileName=t100sa11_9925_109.pdf,110/09/03,0
9930,中聯資源,6.係自願編製與申報,綠能環保,其他查驗證單位：,https://mops.twse.com.tw/server-java/FileDownLoad?step=9&filePath=/home/html/nas/protect/t100/&fileName=t100sa11_9930_109.pdf,110/06/29,0
9933,中鼎,5.股本達新臺幣五十億元以上者,其他,其他查驗證單位：,https://mops.twse.com.tw/server-java/FileDownLoad?step=9&filePath=/home/html/nas/protect/t100/&fileName=t100sa11_9933_109.pdf,110/06/24,1
9934,成霖,6.係自願編製與申報,居家生活,會計師事務所：,https://mops.twse.com.tw/server-java/FileDownLoad?step=9&filePath=/home/html/nas/protect/t100/&fileName=t100sa11_9934_109.pdf,110/10/01,0
9938,百和,6.係自願編製與申報,其他,無,https://mops.twse.com.tw/server-java/FileDownLoad?step=9&filePath=/home/html/nas/protect/t100/&fileName=t100sa11_9938_109.pdf,110/12/28,0
9939,宏全,6.係自願編製與申報,其他,其他查驗證單位：,https://mops.twse.com.tw/server-java/FileDownLoad?step=9&filePath=/home/html/nas/protect/t100/&fileName=t100sa11_9939_109.pdf,110/07/29,0
9940,信義,5.股本達新臺幣五十億元以上者,其他,其他查驗證單位：,https://mops.twse.com.tw/server-java/FileDownLoad?step=9&filePath=/home/html/nas/protect/t100/&fileName=t100sa11_9940_109.pdf,110/06/30,0
9941,裕融,6.係自願編製與申報,其他,其他查驗證單位：,https://mops.twse.com.tw/server-java/FileDownLoad?step=9&filePath=/home/html/nas/protect/t100/&fileName=t100sa11_9941_109.pdf,110/09/22,0
9943,好樂迪,2.屬餐飲收入占其全部營業收入之比率達百分之五十以上者,觀光餐旅,會計師事務所：,https://mops.twse.com.tw/server-java/FileDownLoad?step=9&filePath=/home/html/nas/protect/t100/&fileName=t100sa11_9943_109.pdf,110/09/28,0
9945,潤泰新,5.股本達新臺幣五十億元以上者,其他,會計師事務所：,https://mops.twse.com.tw/server-java/FileDownLoad?step=9&filePath=/home/html/nas/protect/t100/&fileName=t100sa11_9945_109.pdf,110/06/30,0
9958,世紀鋼,6.係自願編製與申報,鋼鐵工業,其他查驗證單位：,https://mops.twse.com.tw/server-java/FileDownLoad?step=9&filePath=/home/html/nas/protect/t100/&fileName=t100sa11_9958_109.pdf,110/09/29,0
