代號,名稱,FY,Page,Key,LEN,Text
2881,富邦金,109,171,2881_109,230,"c.因應對策
(a)以退休四帳戶對應民眾需求與呼應社會相關議題,協助民眾檢視保障缺口,醫療以提
升投保額度為主軸,長照則提升投保率為主,並運用年金及投資型商品協助民眾進行
退休規劃。
(b)為兼顧行政監理政策及行政效能,導入創新科技於行政流程,如:RPA流程自動化、
新身分辨識技術等,以符合監理規範,並提高行政效率。
(c)富邦人壽已提早針對IFRS17進行規劃,同時成立專案小組因應,以達到商品、業務、
財務、行政等各面向均能順利接軌,維持穩健、專業經營。"
2881,富邦金,109,177,2881_109,327,"(3)未來計劃開發之新商品與服務
a.因應社會結構轉變及新商業模式發展,開發新商品搶占新興市場,根據不同族群需求開發
碎片型商品,提升優質商品附加率。
b.持續開發農漁業保險,擴大承保品項及範圍,提供農漁民更完整的保險防護。
c.配合政府綠能政策,開拓綠能產業鏈以創造延伸商機,推動相關專責險、綠能保險及農業
保險。
d.針對科技創新發展,開發相關資訊安全、產品責任險,掌握數位浪潮商機。
e.導入RPA及AIOCR升級公司全流程,以人機協作模式,提升作業效率,並持續升級公
司數位服務的介面體驗與設計,提升數位服務品質,並增加與會員的互動進而提高貢獻
度。
f.以大數據及AI技術建置系統分析模型,優化客戶體驗,同時避免詐賠事件,提升品質。
~175~"
2881,富邦金,109,179,2881_109,391,"(2)未來研究發展計畫
a.導入RPA及AIOCR升級公司全流程,以人機協作模式,提升作業效率,並持續升級公
司數位服務的介面體驗與設計,提升服務品質,並增加與會員的互動進而提高貢獻度。
b.規劃自動語音應答(IVR)系統,新增語音投保服務,並導入AI技術,應用於影像辨識、詐
欺處理等理賠流程,加強核心競爭力。
C.利用過往數據建置模型,進行科學化的客戶風險管控,避免詐賠事件,提升業務品質。
d.因應社會結構轉變及新商業模式發展,開發新商品搶占新興市場;針對特定疾病研發相關
商品,強化健康管理及照護市場區隔;同時配合綠能政策,開拓綠能產業鏈以延伸商機,
推動相關專責險、綠能保險及農業保險。
e.海外子公司資源共享,打造東南亞區域保險共同營運平台,鋪設保經服務網,以共同作業
系統提高管理效能,輔以再保串聯台北及海外子公司,打造區域內業務互通,區域外再保
險互補。
~177~"
2881,富邦金,109,216,2881_109,792,"5.15非擔任主管職務之全時員工人數、薪資平均數及中位數,及前三者與前一年度之差異
(2)
未來開發或購置計畫項目
a.創新科技發展
導入流程機器人(RPA)及雲端技術服務幫助提升工作效率及作業品質,並運用大數據分析
及人工智慧,優化精準行銷。整合內外部資料應用,加強風險客戶識別,並打造安全的
API管理平台,邁向開放金融;持續推動數位轉型,建置FIDO多元身分驗證系統,強化
資訊安全,以提供更好的客戶服務體驗,增加客戶黏著度與忠誠度,並有效觸及更多類
型的客群,提升產業競爭力。
b.風險控管
整合各主要子公司市場投資及信用曝險狀況,分析客戶各項貸放額度及支付能力,並結
合母子公司及海外據點等面向,提供風險值與管理分析平台,完整的掌控各項風險狀
況。因應金融市場仍可能維持高波動狀態,將持續針對市場風險管理系統進行效能調整
優化作業,俾利提升市場風險衡量之即時性。優化利害關係人名單之收集與審核方法,
提升名單內容即時性,降低遵法風險。建立既有客戶跨查平台,協助客戶盡職調查及定
期審查作業,以增進金控洗錢防制落實度。透過金控供應商名單審核系統,進行線上名
單檢核作業,避免交易風險。建置作業風險管理平台,提供金控及所有子公司使用於風
控、法遵、稽核等通報事件,以期節省人力、增加效率,並降低漏未通報之風險。
C.資源共享
對於各子公司共同所需之系統,例如金控入口網站、員工入口網站、人資管理作業、教
育訓練作業、電子郵件管理、電子公文辦理、總務管理作業、跨售商品業績佣金查詢、
數據分析平台、GIS定位應用等,提供統一的平台讓各子公司共享軟硬體資源並節省成
本。另發展行動應用(目前已發展出富邦AppStore、行動EIP、人資服務、行動公文、富
邦人小幫手等行動化APP)並試辦雲端軟體服務,以因應科技日新月異之發展,提供各子
公司員工更便利好用之功能與服務。
~214~"
2881,富邦金,111,10,2881_111,133,"數位轉型上，富邦產險導入RPA(RoboticProcessAutomation)，2022年共完成75項作業導入，橫跨23
個部門，平均每月節省近3,000小時。而在金融專利領域，累計共取得10件發明專利、18件新型專
利，未來也將持續深化金融專利領域的戰略佈局。"
2881,富邦金,111,181,2881_111,354,"5.1.5未來研究發展計畫
富邦金控致力整合集團數位化資源，建立跨子公司協作模式，發展共同技術及開發成果共享；
進行金融科技技術架構規劃和潛在市場應用研討，匯流專家資源掌握趨勢前緣，確立未來主軸
核心技術。在數位服務設計思維上，富邦以客戶為核心，發展富邦集團用戶體驗準則，以實際業
務案例，針對目標用戶旅程之使用者介面，包含內容易讀性、簡化流程及售後服務等，進行深入
設計發想，透過用戶訪談及其反饋，完成數位服務優化之設計方案，並交由子公司接續整合其
內部資源執行；此外，富邦積極推動資訊架構之完善，持續優化數據分析平台、建構容器管理平
台及伺服器自動化維運平台；注重數位治理，持續追蹤OpenAPI治理成效，規範雲端資訊資安
管理、機器流程自動化(RPA)管理；雲端適用實作規劃及CI/CD持續整合部署。
"
2881,富邦金,111,187,2881_111,410,"(b)持續運用保險科技，發展數位創新服務：
◎擴大MobileID身分識別運用，強化數位服務與風險控管。
◎持續行政作業數位化及自動化，並導入AI智能技術，提升投保及理賠效率。
◎擴大自動核賠範疇，提供優質理賠服務。
(c)整合、串接行政作業平台，減少紙本作業程序，提升管理效能並強化無紙化作業，創
造綠色服務價值。
d.發揮集團綜效，提升跨售績效
(a)與關係企業合作開發具金控特色之專案及商品，擴大集團綜效。
(b)強化與關係企業合作，提升整合行銷跨售績效。
e.強化數位工具及數據分析運用，增加客戶互動及銷售場景，提升影響性及公司形象
(a)持續強化全通路業務人員數位工具運用，提升客戶服務及工作效率。
(b)加強數據應用及分析，發展新業務場景，並依數據分析產生之行銷標籤進行精準行
銷。
(c)持續導入RPA(RoboticProcessAutomation)流程自動化技術，提升內部作業效率並降
低人力成本。
"
2881,富邦金,111,197,2881_111,613,"a.建立低碳作業流程，結合遠距招攬、數位要保書平台及自動核賠之運用，翻轉商業模
式，加速數位轉型，導入MID驗證流程取代紙本文件親簽，以降低人力成本，提高作
業效率，同時利於銷售量掌控與管理。
b.建置數位生態系，開發線上通路合作、結合新創廠商提供寵物相關服務，建構寵物生
態圈；另搭配物聯網發展與共享平台興起，推出場景式碎片化商品，增加其他財產險
成長動能，同時也透過數位化減少資源使用，深化永續營運。
c.強化新興風險特殊商品之開發，並掌握數位智能商機推動汽車數位電子零件等產品責
任險相關商品；響應台灣永續發展目標，開發電動車專屬綜合保險，提前佈局電動車
市場，並以保險商品支持運具電動化。
d.強化商品研發時對於商品風險辨識、銷售限額及預警值控管機制及再保險安排，避免
系統性風險引發損失；嚴格精算風險對價成本適足性，以服務爭取優質客戶。
e.加強潛在綠能業務之開拓，善用北富銀融資的資源，同時開發綠能相關商品以掌握商
機，共同擴大金融永續影響力，支持國內潔淨能源產業發展。
f.展開遠距招攬擴大試辦，透過與富邦保代的合作強化業務員戰力，同時讓未成年保戶
也可一體適用，服務對象更全面，持續優化客戶使用體驗，透過提升服務可及性，擴
大普惠金融服務範圍。
g.持續推展數位科技之應用，包含RPA、AIOCR、保單QRCode推動保單無紙化，增加
小型企業行銷APP之商品種類，加深服務廣度與便利性，拓展優質業務機會。

"
2881,富邦金,111,198,2881_111,606,"c.導入RPA，以自動化系統取代傳統人力的投入。2022年共完成75項作業導入，橫跨23個
部門，平均每月節省近3,000小時。
d.開發「Next2U遠距視訊投保」，獲准成為產險業首家試辦視訊投保業者，運用保險科技
多重技術，結合科技「人臉生物辨識」、「電子簽名」加上「專人解說」的服務，提供
客戶免紙本、零接觸、專人服務的新型態快速投保體驗。
e.開發數位表單平台，開創全新線上行銷，翻轉業務員傳統招攬模式。
f.首創客服「AI語音機器人」，AI自動辨識分析提供服務，節省客戶等待時間，降低電話
漏接率，提供更貼心、有感的服務。
a.擴大遠距視訊投保服務範疇，服務對象更全面，提供免紙本、零接觸快速投保體驗，推
廣數位要保書平台，實現資料數位化、紙張最少化、銷售線上化，拓展數位創新服務網，
打造低碳營運模式。
b.引進AI技術，導入數位員工RPA，以人機協作方式提升效率，加強核心競爭力，並持續
開發各險種APP，開發智能銷售平台，持續推動各項服務、商品創新。
c.持續發展各項永續、創新商品，落實ESG政策，配合政府能源轉型永續發展行動，結合再
保資源，掌握政府綠能商機；順應電動車趨勢，推動電動車四合一保險；創新商業合作
模式，透過IOT設備，開發碎片化場景保險。
d.擴大損防服務領域，提升損防技術，如無人機查勘結合AI判讀、運用天災模型評估風險、
提供客戶資安風險評估等，提供客戶全方位服務。


"
2881,富邦金,111,252,2881_111,954,"(2)未來開發或購置計畫項目
a.創新科技發展
導入流程機器人(RPA)及雲端技術服務幫助提高工作效率及作業品質，並透過大數據分
析、人工智慧技術及社群網路平台，發掘潛在客戶、提升行銷成效，持續優化並擴充金
控數據分析運算平台資源，以支援金控及子公司發展新型分析技術。整合內外部資料應
用，結合現有資訊系統，加強風險客戶識別，並打造安全的API管理平台，邁向開放金
融；持續推動數位轉型，運用FIDO技術標準強化身分驗證之安全與多元性，以提供更
好的客戶服務體驗，增加客戶黏著度與忠誠度，並有效觸及更多類型的客群，提升產業
競爭力。
b.風險控管
整合各主要子公司市場投資及信用曝險狀況，分析客戶各項貸放額度及支付能力，並結
合母子公司及海外據點等面向，提供風險值與管理分析平台，完整的掌控各項風險狀況。
因應金融市場仍可能維持高波動狀態，將持續針對市場風險管理系統進行效能調整優化
作業，俾利提升市場風險衡量之即時性。持續優化利害關係人名單之收集與審核方法，
提升名單內容即時性，降低遵法風險。簡化既有客戶跨查平台作業流程，協助洗錢防制
單位進行客戶盡職調查及定期審查作業，以增進金控洗錢防制落實度。
c.資源與服務共享
對於各子公司共同所需之系統，例如金控入口網站、員工入口網站、人資管理作業、法
令遵循、洗防風險管理、教育訓練作業、電子郵件管理、電子公文辦理、總務管理作業、
電子採購系統、財產帳務管理、數據分析平台、GIS定位應用等，提供統一的平台讓各
子公司共享軟硬體資源並節省成本。另發展行動應用（目前已提供富邦AppStore、人資
服務、行動學習Academy、行動公文、富邦人小幫手等APP）並推動雲端軟體服務，以
提供各子公司員工更便利好用之功能與服務。
(3)治理機制建立
優化資料治理平台，透過資料溯源、品質檢核機制及品質議題分派流程系統，以提升作業效
率並確保資料標準及品質檢核的有效施行，並制定OpenAPI之治理機制，定義各公司API
之管理職責、第三方服務提供者的審查原則、API技術及安全性標準等，並透過API管理平
台施行，確保在開放金融的合作下能夠安全無虞；亦基於金控整體資訊架構及治理框架成熟
度及資安環境，提出混合雲治理與策略方針，建立雲端資訊架構及治理框架。


"
2881,富邦金,108,200,2881_108,1404,"(2)其他有關本公司2019年度履行企業社會責任及道德行為請參閱本年報3.4.7及3.4.8。
5.15非擔任主管職務之全時員工人數、薪資平均數及中位數,及前三者與前一年度之差異
非擔任主管職務之全時員工資訊
2019年度
2018年度
差異
人數
14,019
13,890
0.93%
薪資平均數(仟元)
1,293
1,252
3.27%
薪資中位數(仟元)
1,042
1,014
2.76%
5.16資訊設備
(1)主要資訊系統硬體、軟體之配置及維護
由具備相關專業國際認證資格之維護人員負責系統建置規劃、維護與網路整合支援,軟硬體
設備皆使用業界主流品牌規格,並與設備提供廠商簽訂符合業務營運要求之服務等級保障合
約。
(2)未來開發或購置計畫項目
a.創新科技發展
導入流程機器人(RPA)及雲端技術服務幫助提升工作效率及作業品質,並運用大數據分析
及人工智慧,開創跨售通路,多元化發展精準行銷。整合內外部資料應用,加強風險客
戶識別,並打造安全的API管理平台,邁向開放金融;持續推動數位轉型,以提供更好
的客戶服務體驗,增加客戶黏著度,強化顧客忠誠度,並有效觸及更多類型的客群,提
升產業競爭力。
b.風險控管
整合各主要子公司市場投資及信用暴險狀況,分析客戶各項貸放額度及支付能力,並結
合母子公司及海外據點等面向,提供風險值與管理分析平台,完整的掌控各項風險狀況。
因應金融市場仍可能維持高波動狀態,將持續針對市場風險管理系統進行效能調整優化
作業,俾利提升市場風險衡量之即時性。優化利害關係人名單建置及審核機制,提升名
單內容即時性。建置金控防制洗錢系統,透過提供客戶名單檢核機制提升金控洗錢防制
能力。建置作業風險管理系統,提供金控及所有子公司使用於風控、法遵、稽核等通報
事件,以期節省人力、增加效率,並降低漏未通報之風險。
c.資源共享
對於各子公司共同所需之系統,例如金控入口網站、員工入口網站、人資管理作業、教
育訓練作業、電子郵件管理、電子公文辦理、總務管理作業、跨售商品查詢、數據分析
平台、GIS定位應用等,提供統一的平台讓各子公司共享軟硬體資源並節省成本。另發展
行動應用(目前已發展出富邦AppStore、行動EIP、人資服務、行動公文、富邦人小幫手、
富邦錢包等行動化APP)並試辦雲端軟體服務,以因應科技日新月異之發展,提供各子公
司員工更便利好用之功能與服務。
(3)緊急備援防護措施
資訊系統架構依其風險等級建立高可用性之同異地主機備援及資料備份機制,並將備份媒體
送往異地保管存放,以達成服務不中斷及重要資料不遺失之要求。加強機房各項模擬測試與
緊急應變等演練以保障資訊系統正常運作,可降低無預警之天災及人為疏失造成之系統中斷
風險,確保各項重要業務之持續營運。
(4)資訊系統損害對公司財務業務之影響及因應措施
透過每年定期辦理營運衝擊分析,由各使用單位鑑別出各項業務關鍵流程與對應支援的資訊
系統服務,評估其交易量、業務功能重要性,以及對財務面、法令規章、客戶等層面之營運
風險與衝擊,計算出風險值;並依據風險等級,規劃設計與提升適當軟硬體設備資源,改善
作業流程,讓資訊系統損害發生時能儘速順利恢復業務,降低可能的損失與風險。
~198~"
2881,富邦金,110,193,2881_110,248,"d.發揮集團綜效，提升跨售績效
(a)與關係企業合作開發具金控特色之專案及商品，擴大集團綜效。
(b)強化與關係企業合作，提升整合行銷跨售績效。
e.強化數位工具及數據分析運用，增加客戶互動及銷售場景，提升影響性及公司形象
(a)持續強化全通路業務人員數位工具運用，提升客戶服務及工作效率。
(b)強化數據應用及分析，發展新業務場景，並依數據分析產生之行銷標籤，進行精準行
銷；另導入RPA(RoboticProcessAutomation)流程自動化技術，提升內部作業效率並降
低人力成本。

"
2881,富邦金,110,195,2881_110,296,"c.因應對策
(a)以退休及保障型商品對應民眾需求與呼應社會相關議題，協助民眾檢視保障缺口，醫
療險以提升投保額度為主軸，長照險則提升投保率為主，並運用年金及投資型商品協
助民眾進行退休規劃。
(b)為因應政府監理政策並兼顧行政作業效率，於作業流程導入創新科技，如：RPA流程
自動化、AI智能技術、語音轉文字技術等，以符合監理規範，並提高行政效率。
(c)持續提供並精進科技輔助工具，以協助業務推動，並運用產險、銀行及證券等多元化
跨售商品，擴大業務商機。
(d)提早針對IFRS17進行規劃，成立專案小組因應，以達到商品、業務、財務、行政等
各面向均能順利接軌，維持穩健、專業經營。


"
2881,富邦金,110,198,2881_110,767,"(2)最近二年度研究發展成果
a.線上應收帳款承購平台：為業界首推全流程線上申請平台，運用RPA流程機器人及OCR
光學字元辨識技術，結合全球合作銀行及四大應收帳款信用保險公司，提供企業線上申
請查詢買方的信用狀況。
b.富邦商務網(FBO)線上融資功能：為提升數位服務及降低作業成本，於FBO新增授信動
撥申請指示功能，提供無紙化之動撥申請，可減少50%作業成本。
c.打造區塊鏈金融交易系統:運用區塊鏈技術進行高效整合、優化和協作，具體實現供應鏈
全流程自動生成交易履歷並藉此提供金融服務，2021年取得經濟部智慧財產局核發之新
型專利權。
d.房貸線上申貸平台專案：自2021年8月起，既有房貸戶增貸申請及簽約可全程線上完
成，透過線上功能優化升級，加速客戶服務效率並降低本行作業成本。
e.信貸線上申貸平台專案：自2021年8月起，信貸分期型與循環型全產品皆可線上申請並
完成簽約，並運用大數據評分模型搭配AI即時智能決策引擎，整合客戶在銀行內的信用
資訊，自動核算出個人信貸額度與利率條件。
f.信託數位化託管機制：響應金管會信託2.0計劃，發展本行個人規劃型金錢信託業務(如:
安養信託、子女贈與信託、資產傳承信託等)，於網行銀建置「數位化信託託管機制」，
以促進生活金融。
g.myMoney金融服務平台：2021年9月本行於台灣大客服APP及官網入口打造「myMoney
金融服務平台」，透過信用卡及簽帳金融卡開發數位年輕小白客群，並提供信貸、奈米
投、A2A轉帳等多元金融服務。
h.台北富邦銀行LINE官方帳號:銀行LINE官方帳號截至2021年底已擁有超過620萬好
友，其中綁定好友與本行每月高頻互動比例高達八成以上，透過於官方帳號持續發展信
用卡、貸款、存款等行動金融服務，有效促動數位客群與本行往來。


"
2881,富邦金,110,205,2881_110,589,"(2)未來研究發展計畫
a.引進AI技術，應用於智能派件、影像辨識、詐欺防範等，提高作業效率，同時導入數位
員工RPA，檢視各項流程，以人機協作提升整體效率。
b.因應社會結構轉變及新型態科技、新商業模式發展，透過IOT設備，開發碎片式場景保
險，並結合MID作為身分認證，簡化投保程序，同時推廣家庭財務保障，提供客戶完善
家庭防護網，結合保險核心職能，落實企業社會責任，成為社會穩定的力量。
c.運用FinTech創新，帶動數位轉型，擴大第三方平台合作，包括網路投保以及代收保費等
多元服務管道。持續開發各險AI智能核保機器人，並增加小型企業行銷APP之商品種
類，妥善運用RPA及AIOCR等技術來提升作業效率；應用數據分析關鍵風險項目及因
子，提供風險評估建議，發揮產險永續治理影響力。
d.掌握新興科技發展、產業東向，以及政府永續政策商機，持續創新商品，建構資安、員工
保障等各式生態圈，精進損防技術，深耕綠能產業，開拓綠能產業鏈，透過完整的綠能保
險商品及專業的損害防阻服務協助綠色能源產業分散建造、營運等多元風險，支持綠色能
源產業永續經營，發揮保險社會價值。
e.持續優化業務結構與在地深耕策略，提升公司經營效益，打造東南亞區域保險共同營運平
台，鋪設保經服務網，以共同作業系統提高管理效能，輔以再保串聯台北及海外子公司，
打造區域內業務互通，區域外再保險互補。
"
2881,富邦金,110,206,2881_110,502,"～204～
5.4.6長、短期業務發展計畫
(1)短期業務發展計畫
a.個人保險方面
因應社會結構轉變及新型態科技、新商業模式發展，透過IOT設備，開發碎片式場景保
險，並結合MID作為身分認證，簡化投保程序；推廣家庭財務保障，提供客戶完善家庭
防護網，結合保險核心職能，落實企業社會責任，成為社會穩定的力量。
運用FinTech創新，帶動數位轉型，擴大第三方平台合作，包括網路投保以及代收保費等
多元服務管道；引進AI技術，應用於智能派件、影像辨識、詐欺防範等，提高作業效率，
同時也導入數位員工RPA，檢視各項流程，以人機協作提升整體效率。
b.企業保險方面
掌握新興科技發展、產業東向，以及政府永續政策商機，持續創新商品，建構資安、員工
保障等各式生態圈，精進損防技術，深耕綠能產業，開拓綠能產業鏈，透過完整的綠能保
險商品及專業的損害防阻服務協助綠色能源產業分散建造、營運等多元風險，支持綠色能
源產業永續經營，發揮保險社會價值。
持續開發小型企業行銷APP之商品種類，妥善運用RPA及AIOCR等技術來提升作業效
率；應用數據分析關鍵風險項目及因子，提供風險評估建議，發揮產險永續治理影響力。
"
2881,富邦金,110,259,2881_110,959,"(2)未來開發或購置計畫項目
a.創新科技發展
導入流程機器人(RPA)及雲端技術服務幫助提高工作效率及作業品質，並透過大數據分析、
人工智慧技術及社群網路平台，發掘潛在客戶、提升行銷成效，持續優化並擴充金控數據
分析運算平台資源，以支援金控及子公司發展新型分析技術。整合內外部資料應用，結合
現有資訊系統，加強風險客戶識別，並打造安全的API管理平台，邁向開放金融；持續推
動數位轉型，運用FIDO技術標準強化身分驗證之安全與多元性，以提供更好的客戶服務
體驗，增加客戶黏著度與忠誠度，並有效觸及更多類型的客群，提升產業競爭力。
b.風險控管
整合各主要子公司市場投資及信用曝險狀況，分析客戶各項貸放額度及支付能力，並結合
母子公司及海外據點等面向，提供風險值與管理分析平台，完整的掌控各項風險狀況。因
應金融市場仍可能維持高波動狀態，將持續針對市場風險管理系統進行效能調整優化作業，
俾利提升市場風險衡量之即時性。優化利害關係人名單之收集與審核方法，提升名單內容
即時性，降低遵法風險。建立既有客戶跨查平台，協助洗錢防制業務進行客戶盡職調查及
定期審查作業，以增進金控洗錢防制落實度。透過金控供應商名單審核系統，進行線上名
單檢核作業，避免交易風險。透過作業風險管理平台，提供或介接金控及所有子公司於風
控、法遵、稽核等通報事件，節省人力、增加效率，並降低漏未通報之風險。
c.資源與服務共享
對於各子公司共同所需之系統，例如金控入口網站、員工入口網站、人資管理作業、教育
訓練作業、電子郵件管理、電子公文辦理、總務管理作業、電子採購系統、數據分析平台、
GIS定位應用等，提供統一的平台讓各子公司共享軟硬體資源並節省成本。另發展行動應
用（目前已提供富邦AppStore、人資服務、行動Academy、行動公文、富邦人小幫手等APP）
並推動雲端軟體服務，以提供各子公司員工更便利好用之功能與服務。
(3)治理機制建立
建立資料治理平台，透過品質檢核程式及品質議題分派流程系統，以提升作業效率並確保資
料標準及品質檢核的有效施行；亦制定OpenAPI之治理機制，定義各公司API之管理職責、
第三方服務提供者的審查原則、API技術及安全性標準等，並透過API管理平台施行，確保
在開放金融的合作下能夠安全無虞。
"
2882,國泰金,107,122,2882_107,1107,"117


2.未來研究發展計畫
最近年度計劃/專案
目前進度
應再投入之研
發費用(仟元)
預計
完成時間
未來研發得以成功
之主要影響因素
企金eLoan+CRM專案
進行中
(未完成50%)
123,134
2019/12/31與需求單位之有效溝通
視訊服務暨人臉辨識專案
進行中
(未完成80%)
46,114
2019/10/1辨識率的分析與系統校
準
投資平台專案
進行中
(未完成50%)
45,100
2019/10/31與需求單位之有效溝通
流程自動化機器人(RPA)導
入專案
進行中
(未完成50%)
10,734
2019/7/31與需求單位之有效溝通
建置智慧櫃台及數位服務台規劃研擬中
41,900
2020
客戶行為的分析與系統
充分回饋
銀行核心前置處理系統
規劃研擬中
63,000
2020
系統的整合與最佳化
分行數位開戶平台-第二/三
階段
規劃研擬中
15,000
2020
客戶行為的分析與系統
充分回饋

國泰世紀產物保險股份有限公司
1.最近二年度及預計投入研究發展支出及其成果
(1)
最近二年度及預計投入研究發展支出如下：
單位:新台幣千元
年度
108年度（預計）
107年度
106年度
金額
3,966
2,889
3,321
成長率
37.3%
-13.0%
-16.8%
(2)
研究發展與成果
A.
數位面：
近年本公司積極推動數位行動化，在理賠服務方面，「車險行動理賠2.0」全面上線，
另外結合大數據技術導入「傷健險智能理賠」，估計降低理賠處理人員約35.0%作業
量。開發「EasyGo」健傷險行動工具App以加速健傷險案件處理效率，亦能簡化業
務人員作業內容；而針對商業險種，107年完成開發「全商業險種報價受理系統」，
全面上線後使用率接近100%。此外，旅遊不便險與長榮航空及中華航空合作推出班
機延誤自動理賠服務。
B.
損害防阻面：
本公司運用產險核心職能「損害防阻」技術，積極推廣事前預防的觀念，多年來提供
保戶多元化之損害防阻服務，包含「損害防阻研討會」、「零事故研究所」、「不意
外學園」及「不意外騎士」，其中自104年起啟動的不意外騎士專案，結合車險損防
專業技術，及業界與學術界資源，以創新課程方式教育學生機車安全騎乘知能，守
護青年機車騎士的交通安全，106年底開始推廣「VR版虛擬實境版危險感知測驗」，
並於107年初推出App版本，並於107年5月擴展至偏鄉離島學校，讓蘭嶼高中的學
生們瞭解，台灣本島與離島之間交通環境差異性及複雜性，服務截至107年活動累積
舉辦場次已達67場，觸及人數已累積達8,261人次。
"
2882,國泰金,108,136,2882_108,916,"131


(2)研究發展成果
單位：新臺幣仟元
重大專案名稱
投入成本
Cardpool升級AAmode專案
15,784
績效分析管理（PA）
20,557
IVR語音系統升級專案
16,136
流程自動化機器人（RPA）導入專案
9,715
新智能客服（ChatBot阿發）
23,443
企金eLoan+CRM系統建置專案
122,966
Net應用程式Framework
15,090
2.未來研究發展計畫
最近年度計劃/專案
目前進度
應再投入之研
發費用（仟元）
預計
完成時間
未來研發得以成功
之主要影響因素
PaymentHub
跨業合作並拓展服務
規劃研擬中
41,750
109/7/31系統承載量與業務模型
推廣
新貸款平台系統
規劃研擬中
30,000
109/10/31與需求單位之有效溝通
智能語音
規劃研擬中
45,000
109/11/30與需求單位之有效溝通
信用卡新紅利平台建置
需求訪談及開
發同步進行中
11,000
109Q3
與需求單位之有效溝通
Client雲端虛擬化專案
進行中
未完成80%)
54,670
109Q4
系統的整合與最佳化
全行業務單位資訊機房智慧
監控機制導入
進行中
(未完成80%)
81,000
109Q4
系統的整合與最佳化
集團集中式資訊安全監控中
心(SOC)專案
研擬規劃中
27,000
110
系統的整合與最佳化
新基金平台
進行中
(未完成40%)
26,760
110
與需求單位之有效溝通
智能報價系統
規劃研擬中
11,588
110
與需求單位之有效溝通
智能工作台
進行中
(未完成90%)
17,355
110
與需求單位之有效溝通
新加坡、台灣、香港三地新
一代私人銀行系統建置
規劃研擬中
398,989
111
與需求單位之有效溝通
國泰世紀產物保險股份有限公司
1.最近二年度及預計投入研究發展支出及其成果
(1)最近二年度及預計投入研究發展支出如下：
單位:新台幣千元
年度
109年度(預計)
108年度
107年度
金額
2,416
3,243
2,889
成長率(%)
-25.5%
12.3%
-13.0%
"
2882,國泰金,110,190,2882_110,1051,"
185
國泰世紀產物保險股份有限公司
(一)主要資訊系統之配置及維護：
1.核心資訊系統部份：
(1)硬體：IBMS822、S924、S922
(2)軟體：AIX、RHEL、DB2、WebSphere、Jboss、ImpervaDAM、備份軟體
(TSM、CommVault)
(3)磁碟機：EMCPowerMax2000、EMCUnity550F、EMCUnity300
(4)主要應用系統為各險承保、理賠、保費、財務、會計、流程與影像系統等
2.x86開放系統部份：
(1)硬體：DELLR750、HPDL380、IBMX3650M4
(2)軟體：WindowsServer、RHEL、Jboss、微軟SQLServer、IBMDB2
(3)磁碟機：EMCUnity550F、EMCUnity300、SynologyUC3200
(4)主要應用系統有核心系統、行動保險APP、數位服務平台、網路投保、
RPA流程機器人，以及銀行與保代公司通路間之B2B資料交換功能
(二)未來開發或購置計畫：
1.流程機器人自動化規劃導入
2.數位轉型微服務平台規劃建置
3.人工智慧影像辨識應用規劃建置
4.區塊鏈應用規劃建置
5.集團青埔機房暨網路建置案
6.資料庫軌跡記錄系統升級案
7.智能後勤服務平台規劃建置
8.國際會計準則IFRS17解決方案導入
9.資訊安全：資安治理成熟度顧問服務導入
(三)緊急備援與安全防護措施：
1.IBMRS/6000主機系統導入虛擬機自動搬移功能(LPM)，並已建立異地備
援機制，以達到營運與服務不中斷。
2.利用伺服器虛擬化技術，可在主機發生問題時進行快速遷移；另將重要伺
服器於異地機房開啟備援伺服器，並與主設備資料同步。
3.建置有防火牆、弱點掃描、入侵防禦、網路應用程式防火牆(WAF)、SSL
VPN系統及資訊安全訊息平台(SIEM)，並搭配防毒軟體防範病毒、木馬等
惡意軟體入侵。
4.建置閘道型資料外洩防護機制(NDLP)與VES檔案控管，降低個資外洩的風
險。
5.安全程式開發流程管理、源碼檢測、滲透測試、弱點掃描，強化系統安全。
6.郵件、閘道、端點APT防護機制建置，避免惡意程式入侵公司電腦。
7.持續實施ISO27001資訊安全管理系統驗證以提升資訊安全。
8.DDOS防護導入，以防外部惡意攻擊。
9.行動裝置管控(MDM)及行動應用程式管理(MAM)，強化行動裝置管理。
10.定期做PCIDSS查核作業，以確保線上交易資訊安全。

"
2882,國泰金,110,200,2882_110,1325,"
195
契約性質
當事人
契約
起訖日期
主要內容
限制
條款
軟體建置
合約
新加坡商康訊聯
軟件服務有限公
司台灣分公司
110/07/06~智能語音自動外撥系統建置
(驗收後保固一年)
台灣出門問問
股份有限公司
110/08/01~智能語音應用系統授權及建置承攬契約
書(驗收後保固一年)
軟體授權
合約
安侯企業管理
股份有限公司
110/01/01~
111/12/31
UiPathRPA軟體租賃授權
全景軟體
股份有限公司
110/01/01~
110/12/31
憑證安控平台維護
國泰證券投資信託股份有限公司
契約
性質
當事人
契約
起訖日期
主要內容
限制
條款
基金
信託
契約
華南商業銀行(股)
83/3/9~
國泰小龍基金
無
台北富邦商業銀行(股)
89/6/23~
國泰國泰基金
台北富邦商業銀行(股)
89/8/7~
國泰台灣貨幣市場基金
台北富邦商業銀行(股)
90/1/10~
國泰中小成長基金
彰化商業銀行(股)
91/1/31~
國泰大中華基金
台北富邦商業銀行(股)
91/7/18~
國泰科技生化基金
台北富邦商業銀行(股)
94/12/15~國泰全球積極組合基金
永豐商業銀行(股)
95/12/27~國泰全球基礎建設基金
兆豐國際商業銀行(股)
98/11/30~國泰中港台基金
中國信託商業銀行(股)
99/5/6~
國泰豐益債券組合基金
台灣銀行(股)
99/8/19~
國泰新興市場基金
台北富邦商業銀行(股)
99/12/20~國泰全球資源基金
玉山商業銀行(股)
100/6/23~國泰中國內需增長基金
玉山商業銀行(股)
100/9/9~
國泰新興高收益債券基金
華南商業銀行(股)
101/4/30~國泰中國新興戰略基金
玉山商業銀行(股)
102/12/3~國泰中國傘型基金-人民幣貨幣市場基金
中國信託商業銀行(股)
102/12/3~國泰中國傘型基金-中國新興債券基金
上海商業銀行(股)
103/8/6~
國泰收益傘型基金-全球多重收益平衡基金
華南商業銀行(股)
103/12/18~國泰亞洲成長基金
玉山商業銀行(股)
105/3/8~
國泰富時中國A50單日正向2倍基金
玉山商業銀行(股)
105/3/8~
國泰富時中國A50單日反向1倍基金
滙豐(台灣)商業銀行(股)
104/3/20~國泰富時中國A50證券投資信託基金
玉山商業銀行(股)
104/12/25~國泰亞太入息平衡證券投資信託基金
華南商業銀行(股)
105/4/25~國泰日經225基金
華南商業銀行(股)
105/8/4~
國泰全球高股息基金
玉山商業銀行(股)
105/7/1~
國泰臺灣加權指數單日正向2倍基金
玉山商業銀行(股)
105/7/1~
國泰臺灣加權指數單日反向1倍基金
台新國際商業銀行(股)
105/10/3~國泰道瓊工業平均指數基金
台新國際商業銀行(股)
105/10/3~國泰道瓊工業平均指數單日反向1倍基金
玉山商業銀行(股)
106/3/15~智富傘型ETF安鑫組合基金
玉山商業銀行(股)
106/4/6~
國泰彭博巴克萊20年期(以上)美國公債指
數基金
"
2882,國泰金,111,219,2882_111,1024,"
214
2.緊急備援措施
(1)主機部分
使用EMCSRDF及IBMPPRC異地備援解決方案，磁碟機透過光纖高速
度多工分波器及DWDM高速光纖網路，將本地異動資料同步傳至異地
備援中心，以確保異地資料無落差。
(2)開放系統Windows及Linux平台部分
重要之伺服器採用儲域網路(StorageAreaNetwork;SAN)技術進行即時資
料異地備援，使銀行之重要營運不中斷。
(3)網路部分
網路備援針對中心端重要網路設備採用同地備援、雙活或負載平衡方式
配置，並利用具備容錯架構之超高速光纖網路連接主、異地備援中心，
提供兩地穩固的異地備援架構，分行則採用主、備異質線路搭建備援迴
路避免斷線，確保客戶連線品質。
國泰世紀產物保險股份有限公司
(一)主要資訊系統之配置及維護：
1.核心資訊系統部分
(1)硬體：IBMS822/S924/S922主機與EMC高階磁碟機
(2)軟體：AIX、RHEL、IBMDB2、WebSphere、JBoss、ImpervaDAM、備份
軟體(TSM、CommVault)
(3)主要應用系統為各險承保、理賠、保費、財務、會計、流程與影像系統等
2.x86開放系統部分
(1)硬體：IBM、DELL及HPE等多核心伺服器及EMC、Synology等磁碟機
(2)軟體：WindowsServer、RHEL、JBoss、CentOS、MSSQLDB、IBMDB2、
PostgreSQL、備份軟體(TSM、CommVault)
(3)主要應用系統有核心系統、行動保險APP、數位服務平台、網路投保、
RPA流程機器人，以及銀行與保代公司通路間之B2B資料交換功能
(二)未來開發或購置計畫：
1.流程機器人自動化規劃導入
2.數位轉型微服務平台規劃建置
3.人工智慧影像辨識應用規劃建置
4.區塊鏈應用規劃建置
5.集團青埔機房暨網路建置案
6.核心資料庫主機系統升級案
7.資訊系統磁碟擴充案
8.國際會計準則IFRS17解決方案導入
9.Co-browsing遠端共同瀏覽服務導入
10.微軟Microsoft365導入
(三)緊急備援與安全防護措施：
1.IBMRS/6000主機系統導入虛擬機自動搬移功能(LPM)，並已建立異地備
援機制，以達到營運與服務不中斷。
2.利用伺服器虛擬化技術，可在主機發生問題時進行快速遷移；另將重要伺
服器於異地機房開啟備援伺服器，並與主設備資料同步。
"
2882,國泰金,111,230,2882_111,1040,"
225
契約性質
當事人
契約
起訖日期
主要內容
限制
條款
中菲電腦股份有限公司
111/5/1~
112/4/30財管系統維護
華經資訊企業股份有限
公司
111/11/1~
113/10/31
Forcepoint員工上網閘道防禦系統軟體授權
採購合約書
軟硬體
維護合約
全景軟體股份有限公司
110/5/26~
111/5/25
開戶契約暨印鑑管理系統
聯宏科技股份有限公司
110/12/1~
111/11/30硬體加密器維護合約
三商電腦股份有限公司
110/1/1~
111/12/31Oracle軟硬體標準維護
三商電腦股份有限公司
111/1/1~
111/12/31Oracle進階高級維護
台灣國際商業機器股份
有限公司
108/1/1~
112/12/31整合性系統軟硬體技術與維護服務
神坊資訊股份有限公司
111/6/18~
112/12/31
郵件個資防護系統(MailDLP)維護服務合
約書
神坊資訊股份有限公司
110/5/1~
115/4/30網路基礎架構服務契約書
中孚科技股份有限公司
111/7/1~
113/6/30111年網路設備維護合約書
中孚科技股份有限公司
111/6/22~
112/12/31
「證交所Co-location網路設備搬遷案買賣
採購合約」增補契約書
軟體建置
服務合約
繹宇數位科技股份有限
公司
111/8/1~
112/7/31電子帳單暨電子行銷郵件系統維運
硬體設備
採購合約
中菲電腦股份有限公司
109/10/15~
113/5/27電腦設備買賣合約
聚誠國際股份有限公司
111/7/1~
115/1/31
內湖機房網路服務改善專案採購暨維護合
約書
敦陽科技股份有限公司
110/11/1~
115/10/31
敦南機房EOS設備汰換與機房網段分區合
約書
軟體建置
合約
新加坡商康訊聯軟件服
務有限公司台灣分公司
110/7/6~
112/8/23智能語音自動外撥系統建置
台灣出門問問股份有限
公司
110/8/1~
111/12/22智能語音應用系統授權及建置承攬契約書
軟體授權
合約
安侯企業管理股份有限
公司
110/1/1~
111/12/31UiPathRPA軟體租賃授權
全景軟體股份有限公司
111/1/01~
111/12/31憑證安控平台維護
委任合約國泰期貨股份有限公司111/4/01~
112/3/31
提供證券暨期貨國內外財經情勢分析研究
之顧問服務
"
2882,國泰金,109,69,2882_109,947,"64
評估項目
運作情形(註1)
與上市上櫃公司企業
社會責任實務守則
差異情形及原因(註3)
是
否
摘要說明(註2)




道德與法遵
本公司重視公司誠信經營之企業文化，訂定《誠信經營政策暨守
則》、《誠信經營作業程序及行為指南》及《員工行為守則》，要求
同仁執行業務應遵守內部相關規範及禁止不誠信行為，且須以合
法方式參與公共事務，確保相關作為如實依法揭露。為確保同仁
確實遵守，集團進行年度員工行為守則教育訓練，109年完訓率達
100%。
此外，本公司長期關注國內外金融及法令環境變更，嚴格確保各
項業務均符合法令要求。本公司建立系統化循環管理，透過教育
訓練、自行評估及自行查核、法遵風險評估量化機制、法令異動
管理等方式進行管理。而為有效落實對子公司之監理，亦訂定重
要外部法遵事件通報及管理要點，以利董事會及高階經理人迅速
掌握集團法令遵循風險之情形，並即時回應。另為因應全球反洗
錢/反資恐之國際趨勢及國內外監理要求，本公司轄下子公司均採
取「以風險為基礎」之方法持續深化反洗錢/反資恐制度，訂定防
制洗錢及打擊資助恐怖主義管理準則、集團層次風險方法論等機
制，並透過多元強化技術與大數據之應用，提升集團AML/CFT效
能、整合作業流程、提升交易監控效能等，例如：流程自動化
(RPA)、AI人工智慧及大數據應用分析等，同時持續強化子公司間
跨業合作風險管理，如調整跨業監控框架、提升作業品質等，佈
署集團防禦網。


二、公司是否設置推動企業
社會責任專(兼)職單位，
並由董事會授權高階管
理階層處理，及向董事
會報告處理情形？

「國泰金融控股股份有限公司企業永續委員會」依據「國泰金融控股股份有限公司
企業永續守則」第四條規定，訂立「企業永續委員會組織規程」，隸屬於本公司董事
會，設置主任委員一人，由本公司總經理擔任，委員由各子公司總經理擔任，每季
召開一次大會，並每半年一次向董事會呈報本會決議之重要事項及後續執行情形。
本公司設置「企業永續辦公室」，隸屬總經理，以規劃集團永續策略發展。落實執
行成效，各子公司皆設有「CS秘書單位」，於部門執掌中納入企業永續事務，並依
任務性質分別成立「責任投資」、「永續治理」、「責任商品」、「員工幸福」、
無重大差異
"
2882,國泰金,109,180,2882_109,1190,"175
國泰世紀產物保險股份有限公司
契約性質
當事人
契約
起訖日期
主要內容
限制
條款
再保合約
(國內)
中央再保險公司
82/8/19~火險、單點/巨災、工程險、責任險、水險、
傷害險等再保險合約
再
保
合
約
訂
有
特
殊
除
外
不
保
項
目
或
限
制
條
件

再保合約
(國外)
SWISS
REINSURANCE
COMPANY
82/8/19~單點/巨災、工程險、水險等再保險合約
TRANSATLANTIC
REINSURANCE
COMPANY
90/1/1~
火險、水險、工程險、責任險等再保險合
約
TOAREINSRUANCE
COMPANY
90/1/1~
巨災、工程險、責任險、傷害險等再保險
合約
EVEREST
REINSURANCE
COMPANY
90/1/1~
單點/巨災、工程險、責任險、傷害險等再
保險合約
KOREAN
REINSURANCE
COMPANY
91/1/1~
火險、單點/巨災、責任險、水險、工程險、
傷害險等再保險合約
國泰綜合證券股份有限公司
契約性質
當事人
契約
起訖日期
主要內容
限制
條款
軟體維護
合約
大州數位股份有限公司107/11/09~
110/11/08
證券經紀業務、自營業務(證、期、權)應用
系統
無
移通數碼科技股份有限
公司
108/09/01~
110/08/31Speedy系統年度維運合約
嘉實資訊股份有限公司109/01/01~
109/12/31台股WEB單系統維護合約書
嘉實資訊股份有限公司109/01/01~
109/12/31資訊授權合約書
凱衛資訊股份有限公司109/01/01~
109/12/31HTSASP應用軟體系統維護合約
三竹資訊股份有限公司109/01/01~
109/12/31三竹行動股市應用系統維運合約
全曜財經資訊股份有限
公司
109/01/01~
109/12/31
Cmoney系統資訊授權合約
雲端控股系統資訊授權合約
精誠資訊股份有限公司109/01/01~
109/12/31台股樹精靈行動資訊傳輸暨維護合約
軟體建置
服務合約
繹宇數位科技股份有限
公司
108/08/01~
109/07/31
BillHunter/MailHunterUltimate
電子帳單暨電子行銷郵件系統
博暉科技股份有限公司106/8/17~
108/7/10
全權委託帳務管理系統
(保固至109/7/9)
軟體授權
合約
安侯企業管理股份有限
公司
109/1/1~
109/12/31UiPathRPA軟體租賃授權合約
軟硬體
建置合約全景軟體股份有限公司106/01/20~
110/5/25
開戶契約暨印鑑管理系統
硬體設備
採購合約中菲電腦股份有限公司109/10/15~電腦設備買賣合約
(驗收後保固一年)


"
2883,開發金,111,172,2883_111,720,"－SWIFTISO20022訊息標準導入專案
－投保無紙化
－基礎設施汰換及擴充
－DWDM網路架構更新
－資訊資產自動化管理平台建置
－機房監視及出入管理系統更新
－整合監控儀表平台建置
－新行銀異地備援架構優化
－網路流量分析系統建置
－自動化維運管理系統建置
4.凱基證券
－微軟M365建置專案(Teams、SharePoint、OutLook、OneDrive、Intune)
－業務員工作台專案
－資訊服務監控中心暨服務管理系統建置
－RPA(RoboticProcessAutomation)流程自動化機器人
－內部系統革新與行動化專案執行(新電子收發文系統、Workday新人資系統第一階
段、SapConcur新費用系統、新電子公文系統)
－證券T+0應收在途交割款借款
－視訊電子簽章(伽利略)專案
－子公司新官網(香港子公司及凱基保險經紀人股份有限公司)
－新加坡子資訊系統
－凱基投信首檔股票型ETF(ExchangeTradedFunds)前中後台系統及周邊API
－數位分公司
－泛自營交易系統提升
－資訊技術專利申請
－國際部新一代交易系統
－債券部BLN新商品及新台幣外匯業務系統
－異地備援精實案第二階段及第三階段
－新核心中台計畫規劃
－自動化測試工具導入
－期貨AS400主機汰換
－網路架構區隔
－雲端網站應用防火牆(WebApplicationFirewall，WAF)防護專案
－微軟系統中心配置管理(SystemCenterConfigurationManager，SCCM)軟體派送服務
－無線網路(Wi-Fi)服務建置案
－虛擬機器(VirtualMachine，VM)主機虛擬化
165
"
2883,開發金,108,174,2883_108,504,"4.中華開發資本
–主要資訊系統依功能劃分包括投資管理系統、外籌基金管理系統(eFront)、投資
業務流程系統,及財會系統(總帳、預算、帳外調整)、辦公室自動化系統等業務
支援系統。
(二)未來開發或購置計畫
配合公司整體營運發展及相關法規要求,109年度重要資訊系統開發建置計畫包括:
1.開發金控
–電子郵件平台轉換專案
–骨幹網路更新專案
–辦公室自動化系統汰換專案
2.中國人壽
-iAgent優化
一智能核保模型
–AI智能研發
–理賠診斷證明書及收據影像識別
–保單數位化流程系統(PDPS)與流程平台
3.凱基銀行
–金融市場新系統專案
–新信用卡系統專案
–基金、債券、ETF系統專案
–RPA功能提昇專案
–新行動銀行建置專案
區塊鏈函證專案
–活動管理系統(CMS)專案
–電子郵件平台轉換專案
–骨幹網路更新專案
–系統特權帳號與稽核管理專案
4.凱基證券
–證券逐筆撮合交易制度專案
一智能客服專案
–客群數據蒐集專案
–指單金信託投資管理中台建置專案
一投信新官網和EC平台建置專案
–外期行動APP專案
168"
2883,開發金,108,175,2883_108,875,"–外匯(活存)系統專案
一高頻研發專案
策略交易進化專案
RPA流程機器人導入專案
–電子郵件平台轉換專案
-Windows7EOS專案
5.中華開發資本
–電子郵件平台轉換專案
子公司網路架構調整及資安強化專案
(三)緊急備援與安全防護措施
本公司訂定明確資訊安全管理規範,並建立各項嚴謹內控機制,以確保資訊系統之
正常運作及資料保全。
–營運資訊機房建置異地備援中心,並定期進行資訊系統災難復原演練。另為確
保資訊中心營運環境的穩定,針對機電設施與核心網路設備建置不停機的備援
架構,定期實施測試演練;各主要系統均依其資料保存特性,訂定不同的系統
備存政策與備份週期,定期作資料復原演練。同時依據業務系統重要性建置不
同等級的災變復原措施,包括同地備援、異地備援、同步備援等。
因應「個人資料保護法」施行,已設置個人資料保護核心小組,負責評估、規劃及
執行個人資料保護管理制度相關作業。證券子公司並於103年通過BS10012PIMS
個人資訊管理系統(PersonalInformationManagementSystem)認證。
一本公司資訊安全治理架構係參照ISO27001為範本,其中壽險子公司於104年取
得ISO27001認證,並於107年重新驗證、證券子公司亦於105取得認證,完成
管理制度及流程調整,並於108年重新驗證;金控及商銀子公司已於108年12
月通過ISO27001:2013資訊安全管理系統(ISMS)驗證。
為提升資訊安全治理,於2019年1月成立本公司資安專責單位「資訊安全處」,
負責全金控資訊安全治理、規劃、督導及推動執行,並定期向董事會報告資安
治理概況,以建構全方位的資安防禦能力及提升同仁的資訊安全意識。
為降低本公司遭遇突發緊急危難或異常事故所可能造成資訊作業中斷之衝擊,
本公司於2019年委由專業顧問公司協助進行資訊安全評估及實務演練,並經由
演練的方式來驗證所規劃相關應變策略與處理計畫的有效性,以確保資訊作業
持續運作。
169"
2883,開發金,110,181,2883_110,458,"

(二)未來開發或購置計畫
配合公司整體營運發展及相關法規要求，重要資訊系統開發建置計畫包括：
1.開發金控
－雲端數據分析發展專案
－集團中台架構建置計畫
－企業數據應用平台發展專案
－集團人資管理系統汰換專案
－集團費用管理系統汰換專案
－集團採購管理系統汰換專案
－帳號盤點自動化系統建置
2.中國人壽
－遠距服務平台
－客戶網站改版(E秘書)
－健康生態圈
－人力資源管理管理系統
－中壽企業網站改版
－全方位客戶體驗系統
－機器人流程自動化系統(RPA)
3.凱基銀行
－網路銀行與行動銀行
－官網
－數位平台優化
－智能客服
－社群經營-Line官方帳號
－信用卡PaymentGateway建置
－新市場風險FRTB導入專案
－行動身分識別驗證(MobileID)
－SWIFTISO20022訊息標準導入專案
－理專21誡
－駭客誘捕偵測防禦系統
－基礎設施汰換及擴充
－居家辦公基礎環境整合
－資安強化軟硬體擴充
－機房偵煙系統設備汰換
－分行網路SDWAN架構導入
－M365導入專案
175
"
2883,開發金,110,182,2883_110,864,"

－AD資安強化專案
－API異常行為監控專案
－資安攻防服務
4.凱基證券
－集團數位轉型計畫(官網)
－異地備援精實案
－資訊服務監控中心暨服務管理系統建置
－網路架構區隔
－系統測試自動化工具
－持續監控橫向端點式移動監控
－RPA流程機器人
－開戶整合平台
－超三平台(HTSPlatform)升級
－超高頻交易FPGA系統－微軟M365現代化辦公軟體升級
－仁愛辦公網路環境負載平衡設備汰換
－遠程辦公連線強化建置案
－無線網路(WIFI)建置案

(三)緊急備援與安全防護措施
本公司訂定明確資訊安全管理規範，並建立各項嚴謹內控機制，以確保資訊系統之
正常運作及資料保全。
－為確保資訊中心營運環境的穩定，針對系統、網路及機電設施建置不停機的備援
架構，各主要系統均依其資料保存特性，訂定備存政策。同時依據業務系統重要
性建置不同等級的災變復原措施，並建置異地備援中心定期實施相關災難復原
演練。另金控、中壽及證券子公司規劃導入ISO22301國際營運持續管理系統
(BusinessContinuousManagementSystem)認證。
－證券子公司已於103年及中壽子公司已於110年底全公司通過BS10012PIMS個
人資訊管理系統(PersonalInformationManagementSystem)持續認證。
－本公司資訊安全治理架構以ISO27001:2013資訊安全管理系統(ISMS)為標準，金
控及商銀子公司於109年09月完成全資訊系統擴大驗證，並持續取得ISO27001
驗證，壽險子公司及證券子公司也於110年通過ISO27001持續驗證金控及集團
金融子公司持續維持ISO27001證書有效性。
－鑒於駭客攻擊手法日新月異，資訊安全風險與日俱增，本公司積極投資與建置資
安縱深防禦技術與工具，藉由導入先進之資訊科技，如次世代防火牆、入侵偵測
與防禦(IDP)、應用程式防火牆(WAF)、進階持續性威脅防護(APT)、端點偵測及
回應(EDR)等，加強資安防禦量能。

176
"
2884,玉山金,111,75,2884_111,2556,"70
E.SUNFHCANNUALREPORT2022
5.1.4研究與發展
(1)近二年研發成果與未來研發方向
主要業務
近二年研發成果與未來研發方向
法人金融
業務
A.綠色金融創新：玉山響應政府綠色創能政策，提供多元再生能源授信產品，積極推動風電、太陽光電、廢棄物發電等各類型再生能
源以及儲能融資業務。未來將持續支持綠能建設，提供一站式融資服務，協助企業購置綠電，發揮永續發展的正面影響力。
B.跨境金融平台：持續經營跨境顧客，以新一代全球智匯網，服務顧客多境資金管理需求，成為跨境數位管理平台，並伴隨企業布局
亞洲，2020-2022年完成泰國、越南、新加坡、緬甸及澳洲等海外據點建置，打造特色金融服務，提供全方位解決方案。未來隨
疫情逐漸趨緩，將持續發展特色產品及跨境整合服務，結合異業提供數位服務，協助顧客數位轉型，創造以顧客為導向的服務模
式。
消費金融
業務
A.e指房貸升級：推出「房貸線上對保服務」，讓既有顧客於原額度內，從申請到對保可全線上完成增貸，內部作業則導入「AI自動
化房屋估價模型」，可即時向顧客進行報價，提升整體徵授信效率，不僅更便利快速，同時也降低金融服務的碳足跡。
B.綠建築貸款：玉山推出「綠建築房貸專案」，凡個人房貸擔保品符合「財團法人臺灣建築中心」綠建築標章認證者(不限標章等
級)，即可享利率減碼及貸款費用之專案優惠。
C.以房養老貸款：為滿足銀髮族安養生活金、長期醫療照護費等多元資金需求，玉山於2021年9月推出「以房養老結合安養信託」一
站式服務，協助顧客預先規劃資金運用方式，並定期撥付以房養老貸款至信託專戶，保障資金專款專用，讓退休生活更安心。
D.e速循環貸：提供顧客彈性、靈活的小額貸款需求，申貸流程全程線上自動化完成，顧客可自行決定貸款金額及還款時間，且額度
動用才計息，滿足短期週轉或日常生活所需。
財富管理
業務
A.全方位資產配置服務：透過總行專家團隊研擬市場配置與產品策略，並運用大數據演算理財產品即時資訊，槓桿金融科技力量，以
人機協作模式提供顧客客製化資產配置諮詢服務。
B.發展創新永續產品：積極打造完整產品平台，提供顧客人生各階段所需理財規劃；另因應獲准開辦高資產財管業務，已加速推出專
屬金融商品，滿足高端顧客投資需求。同時，響應永續發展，持續將ESG納入財管產品管理，接軌國際趨勢發展。
C.發展多元創新信託：首創與國際禮賓品牌合作提供「信託加值服務」，提供居家照護、健檢安排等轉介服務，亦透過信託諮詢平
台、遠距信託簽約對保、信託智能客服等創新機制，與員工持股信託線上即時查詢之「信託服務網」，推動商品整合創新，持續
落實普惠金融、善盡企業社會責任。
信用卡
與支付業務
A.玉山數位e卡：發行國內首張無實體信用卡，減少每張實體卡製程產生約900公克碳排放量，並同步推出電子帳單及綠色刷卡消費
優惠活動，包括購買電動汽機車、搭乘綠色交通工具及有機餐食等，鼓勵卡友透過日常刷卡消費共同落實環境永續行動。
B.藥師無限/御璽卡：與中華民國藥師公會全國聯合會、藥劑生公會全國聯合會攜手合作發行藥師專屬信用卡，於COVID-19疫情期間
捐贈公益背心提高偏鄉民眾對藥師身分辨識，協助藥師們為偏鄉居民送藥，以實際行動支持藥師並響應防疫工作。
C.玉山易遊卡：與首選旅遊電商合作，串聯線上線下旅遊場景，滿足顧客機票、訂房等旅遊行程需求，共同經營旅遊生態圈。
D.玉山Wallet：全新升級改版開放非卡友可註冊成為會員；新增玉山電子支付綁定玉山帳戶於臺灣Pay24萬個通路消費；首創玉山
Wallet查卡號服務，持卡人未收到實體卡前即可綁定玉山Wallet、國際Pay等於實體/網路通路消費。
E.玉山商店e速PAY：提供商戶安全便捷收款服務，於玉山商店e速PAY網站輸入收款資料，即可產生專屬訂單付款連結予消費者進行
付款，保障買賣雙方權益又可輕鬆完成付款。
證券業務
A.一站式開戶:領先業界推出Web一站式開戶，結合玉山銀行e指開戶同時串接證券開戶，深化開戶導流以減少顧客斷點，並增加線
上開戶檢核功能，強化線上開戶認證，以杜絕人頭戶。
B.IVR語音服務:提供24HR服務不間斷，快速解決顧客密碼解鎖。
C.開戶無紙化：將線上簽核無紙化，並導入關鍵自動化技術如AI辨識、RPA自動化流程，以更快速度及正確性完成徵審作業。
(2)研發計畫、進度與費用
進行中專案
預計完成時間
數位授信流程精進專案
2024年
全球智匯網與鼎新ERP合作專案
2023年
全行擔保品系統專案
2023年
財金顧客資訊維護系統專案
2022年
外匯業務系統精進專案
2023年
SWIFTMX轉譯平台專案
2024年
(A)進行中研發計畫預計應再投入新臺幣1,399,170仟元並
分年攤提。
(B)研發計畫成功主要影響因素包含法令規範調整、市場趨
勢變化及專案人員投入程度等。
玉山銀行長期以科技領軍提供企業創新的金融服務，提升企業顧客數位體驗，例如運用API將銀行服務與鼎新電腦的ERP進行串連，
未來企業顧客可透過加密模組直連銀行，即可完成相關金融服務。並建置全行擔保品系統，以提升擔保品控管品質，符合IRB法規
範。面對外在環境變化多端，為支應業務多元發展及營運不中斷，外匯核心系統再造已於2022年12月順利上線，透過微服務架
構，未來可因應業務需求或法令快速調整，加速系統開發以支應業務發展。面對系統突發異常，透過微服務自動重啟機制，提供持
續營運服務。系統亦兼備承載巨量交易效能的提升，以匯入電文處理為例較以往提升10倍速度。同時全球跨境支付系統SWIFT配合
AML國際趨勢及科技技術導入，將改採ISO20022規格，玉山亦將投入相關資源因應全球跨境支付系統轉變，確保海內外分支機構
電文交換的資訊準確，為顧客提供跨境支付最佳體驗。未來將持續致力於數位轉型，以科技為加速器，推動業務發展及風險控管。
A.近二年及當年度預計研發費用：
B.進行中主要研發計畫及進度：
單位:新臺幣仟元
年度
2023(F)
2022
2021
玉山銀行
328,270
349,820
347,953
玉山證券
34,200
30,798
35,354
"
2884,玉山金,110,79,2884_110,2217,"74
E.SUNFHCANNUALREPORT2021
5.1.4研究與發展
(1)近二年研發成果與未來研發方向
主要業務
近二年研發成果與未來研發方向
法人金融
業務
A.綠色金融創新：玉山2021年積極響應金管會「綠色金融行動方案2.0」，透過授信促進綠色金融商品與服務深化，並持續支持台灣綠色再生
能源產業發展。玉山自2014年起提供「陽光屋頂」專案，鼓勵中小企業及地區型開發商推廣屋頂型太陽能電站，並陸續提供地面型太陽能光
電、離岸風電以及陸域風電專案融資。
B.跨境金融平台：因應跨境顧客需求，以全球智匯網提供顧客多境資金調度及帳務資訊整合服務，並結合跨產品線資源，打造特色金融服務，
提供全方位解決方案，此外，受疫情影響，數位化需求增加，以數位化系統解決顧客痛點，創造以顧客為導向的服務模式，並榮獲多項國際
獎項肯定。
消費金融
業務
A.以房養老貸款：為滿足銀髮族安養生活金、長期醫療照護費等多元資金需求，玉山於2021年9月推出「以房養老結合安養信託」一站式
服務，協助顧客預先規劃資金運用方式，並定期撥付以房養老貸款至信託專戶，保障資金專款專用，讓退休生活更安心。
B.綠建築貸款：玉山推出「綠建築房貸專案」，凡個人房貸擔保品符合「財團法人台灣建築中心」綠建築標章認證者(不限標章等級)，即可
享利率減碼及貸款費用之專案優惠。
C.危老都更貸款：玉山積極響應政府危老重建政策，於2020年推出危老重建貸款，協助顧客取得資金，提升建築安全和生活品質，並攜手
知名建築經理公司，打造一站式金融服務。
D.e指信貸：導入IRB信評模型，落實風險定價，並開發報價模型及收入預估模型，擴大e速貸適用客群。
財富管理
業務
A.結合ESG的主題產品：提供國內首檔符合主管機關ESG審查新制的ESG多重資產基金，協助顧客掌握永續投資契機。因應信託2.0政策，
推廣多樣化信託服務，包括預開型信託、外幣信託、不動產買賣價金結合安養信託等創新服務，強化高齡顧客保障與ESG發展。
B.智能化資產配置服務：透過總行專家團隊研擬市場配置與產品策略，以及AI模型利用大數據演算理財產品即時資訊，槓桿金融科技力
量，以人機協作模式提供顧客客製化資產配置諮詢服務。
C.數位理財服務升級：擴大數位理財之服務範疇、精進與優化行動投保功能，以提升服務效率、滿足顧客於疫情下之理財交易與諮詢需
求，同時發揮環保與紙張減量之效益。
信用卡
與支付業務
A.玉山Wallet：持續提供創新服務，朝介面個人化、管理自主化發展，新增帳單分期、紅利購商品兌換、線上投保功能及金融友善專區，打
造無斷點的數位金融服務，成為集支付、生活及金融為一體的數位平台。
B.玉山電子支付帳戶：打造玉山電子支付品牌，以Account-Link綁定子公司玉山銀行帳戶扣款或帳戶儲值，即可於20萬家台灣Pay消費特店
掃碼付款。
C.鬼滅之刃簽帳金融卡：全臺首發「玉山鬼滅之刃簽帳金融卡」，結合熱門動漫發燒話題，將顧客日常喜好融入於金融服務中，創造與數
位及年輕客群的互動性。
D.數位五倍券：建立自助查詢平台，顧客可透過官網、行動銀行、智能客服及玉山Wallet查詢數位五倍券及好食券相關資訊，便利顧客自
主掌握活動訊息。
證券業務
A.線上開戶流程優化，透過機器人流程自動化(RPA)，自動執行重複性作業，以更快速度且正確完成作業，創造價值及減少人為錯誤，同時
為業界首創介接國發會之「個人化資料自主運用（MyData）平臺」，提供線上調整信用額度功能。
B.透過大數據分析及AI模型，給予交易額度建議，優化同IP交易及申購作業，更精準的建立疑似利益衝突、不當交易等風控作業。
C.業界首創串接國際評等公司永續投資ESG指數資訊，提供投資人選股建議。
D.2021年4月新設數位分公司，作為推進數位工程和虛實整合的加速引擎。以發展純數位經營模式、建構數位實驗場域為主，初期先聚焦
於異業客群經營，中長期再擴及至所有線上客群，同時配合法規制度的開放，持續優化各項服務流程，提供顧客最佳數位服務體驗。
(2)研發計畫、進度與費用
進行中專案
預計完成時間
全球智匯網精進專案
2022年
全行擔保品系統專案
2023年
財金顧客資訊維護系統專案
2022年
FBS外匯系統再造專案
2022年
EFS進出口升級專案
2022年
FXCM外匯共用平台精進專案
2022年
(A)進行中研發計畫預計應再投入新臺幣1,811,940仟元並
分年攤提。
(B)研發計畫成功主要影響因素包含法令規範調整、市場趨
勢變化及專案人員投入程度等。
為提升企業顧客數位體驗，強化信用及作業風險控管，將持續建置並精進行內外系統。
同時因應數位轉型及顧客需求，打造特色數位外匯服務，2021年首創個人網路銀行暨行動銀行APP外幣匯入大額解款及24小時換匯
服務，優化顧客數位旅程。為持續壯大海內外經營及支援數位外匯巨量交易特性，以專業、科技為基礎，進行外匯核心系統再造，
提升流程自動化服務效率、串接貿融AML掃描，在滿足跨境企業金融需求同時強化AML風險控管。
A.近二年及當年度預計研發費用：
B.進行中主要研發計畫及進度：
單位:新臺幣仟元
年度
2022(F)
2021
2020
玉山銀行
357,940
347,953
471,100
玉山證券
38,800
39,130
35,354
"
2885,元大金,111,164,2885_111,18,"RPA流程自動化-導入新流程專案

"
2885,元大金,111,169,2885_111,268,"(G)特定金錢信託投資股票系統建置專案
藉由專屬系統建置,提供更多元之下單服務,可24小時提供客戶更即
時服務,進而提升客戶服務品質,另系統後台同步導入自動化作業程
序,降低作業成本及提升效率。
(J)不動產抵押權塗銷進件平台建置專案
為推廣無紙化業務運行,E化不動產授信結清之抵押權塗銷進件作
業,提供線上會辦簽核流程,節省傳統紙本傳遞費用及作業時間。
(K)RPA流程自動化-導入新流程專案(2023)
為提升銀行業務營運效能,持續性推廣及發展機器人流程自動化(RPA)
專案,藉此讓員工專注於更有價值之業務發展,提升整體競爭力。
"
2885,元大金,111,175,2885_111,96,"2.第二階段進行中
銀行RPA流程自動化-導入
行內於109年導入RPA
新流程專案
7,000109年9月~112年12月
4,000
流程自動化平台,並持
續推廣各單位運用導入
新流程。
"
2885,元大金,111,197,2885_111,444,"C.資訊研發:
配合持續營運與業務發展及落實資訊安全管理,預計執行:
(A)資訊系統研發與升級:新興科技網路基礎建置案(第二階段)、備份優
化專案、檔案傳輸集中化建置專案、應用效能監控管理案、雙活資料
中心網路設備建置案、臺幣核心系統導入本地雙活架構專案、特定金
錢信託投資股票系統建置專案、行動理專建置專案(第三階段)、個金
AO行動平台建置專案(第二階段)、不動產抵押權塗銷進件平台建置
專案、RPA流程自動化-導入新流程(2023)、SWALLOW系統升級專
案、基金系統主機升級專案、保險代理系統主機升級專案、客服值機
平台升級專案、信貸業務平台建置專案、跨行前置系統(FEP)資料庫
及本地雙活架構升級專案、新法金徵審系統建置專案、金融交易系統
升級(Calypso導入LIBORReforms模組)、資金計價及資產負債管理系
統升級(Oracle應用系統FTP/ALM-系統升級)、雲原生轉型計畫暨鑽金
行動APP建置專案、金融FIDO試辦案、智能客服系統第二階段等專
案。
"
2885,元大金,111,199,2885_111,568,"b.依循資訊安全管理系統架構下,持續擴大賦能科技應用,如:RPA
機器人流程自動化、AI人工智慧、大數據等運用,將新興科技結合
ESG數位應用,打造有效率的綠色金融商品與服務。
c.為建立元大數位創新、快速交付之核心競爭能力,執行數位賦能發
展策略三年計畫,以具備敏捷開發的雲原生種子團隊,打造強化客
戶體驗的整合式行動服務,並升級資訊基礎架構以確保系統穩定與
安全,加速數位轉型。
(C)落實推動綠色金融與永續發展
a.配合金管會綠色金融行動方案3.0,接軌國際趨勢並提高因應氣候
變遷及ESG相關風險之能力,銀行將依據政府推動的政策重點及監
理方向,擬定永續經營策略及行動方案,強化永續經營發展及金融
服務品質。
b.元大金控在111年9月加入「永續金融先行者聯盟」,承諾在「綠
色採購」、「投融資與議合」、「資訊揭露」、「協助與推廣」及
「國際接軌」等五大議題採取更積極的行動,為國家及產業淨零轉
型增添動力。元大銀行將發揮金融業對產業的影響力,引導產業持
續推動減碳及永續轉型,並將綠色融資及赤道原則與聯貸授信業務
結合,藉此引導客戶共同實踐永續經營目標。
C.銀行將持續推動發行綠色/永續發展債券、信用卡碳足跡減量、綠
建築房貸、環保能源車貸等各項產品專案,並落實責任投資、善盡
金融業之責任,展現發展永續金融之決心。
195"
2885,元大金,111,204,2885_111,567,"年12月加入壽險公會聯盟鏈2.0試辦,預計112年中開辦後正式啟
用,方便客戶一站式申請,實現普惠金融。
(F)建置洗錢防治客戶管理系統,有效進行各項洗錢態樣檢核及簡化作業
程序,提升行政處理時效。
(G)為提供多元化及24小時不中斷之客戶服務,於110年底啟動建置智能
客服系統,推動全方位的數位金融服務,並於111年11月1日正式開
放予客戶使用;112年持續「智能客服」服務優化,增加服務入口、
FAQ及服務流程,導入AI智能機器人應用於服務流程中,擴大服務
量能,提供客戶快速且即時的查詢,藉由客戶於平台之互動,維持良
好客戶關係,提升客戶滿意度。
(H)賡續WEB建議書系統及後台管理系統功能優化更新,以提升資訊開
發效率及加速業務推動效能。
(I)賡續導入建置RPA流程機器人系統及進行作業流程自動化,從承保
到客戶服務,再到公司內部財務與會計等作業流程,進行自動化及數
位化之優化調整,將壽險行政作業化繁為簡,提升行政處理時效。
(J)IFRS17系統平台導入,因應準則的導入時程,建立巨量資料、跨系
統的整合平台,以符合報表揭露、保留資料與稽核軌跡。
(K)建立數據平台,並拓展包含AML、防舞弊、營運預警指標、通路傳
輸服務、大數據及人工智慧等應用,以最大化有效運用日常維運所產
生累積之資訊並提供決策分析之基礎。
"
2885,元大金,111,212,2885_111,321,"B.持續精進研究報告之易讀性及多元性,並拓展社群平台管道,以社群貼
文、影音、音訊等方式,提供給交易人更即時的研究資訊。針對法人客戶
服務,將期貨與產業趨勢結合,客製化產業法人專案簡報,提供策略避險
及前瞻分析等,拓展產業法人實體經濟服務。
C.推出各式交易平台滿足客戶PC、行動下單多樣化的需求,於110年推出元
大期貨自建的電子交易平台-iTRADER交易達人,並持續進行功能優化。
為提供客戶更流暢的服務效能,亦同步針對後線作業流程導入RPA機器人
流程自動化及數位報表系統等新興科技,全面提升作業效率。111年元大
期貨與集團協作導入FIDO身分認證機制,未來將提供客戶更便捷及更完
整的金融服務體驗,提高金融交易的便利性與安全性。
"
2885,元大金,111,235,2885_111,42,"(11)RPA流程自動化-導入新流程專案(2023)
(7)作業流程自動化優化專案
"
2886,兆豐金,106,70,2886_106,1211,"營
運
概
況
68
營運概況
OURVISION—成為亞洲區域性金融集團
(二)國內貨幣政策方面，央行重貼現率、擔保放款融通利率及短期融通利率仍維持年息
1.375%、1.75%及3.625%不變，惟美國聯準會107年仍將再度升息，如國內景氣持續好
轉及物價上漲壓力變大，不排除央行可能開始升息政策。
B.本公司及各子公司所屬行業產業概況
金融控股公司業
1.自90年7月「金融控股公司法」制定以來，國內陸續成立了十五家上市櫃金控公司及一家100％
國營之台灣金控，總計十六家金控公司，其中金控旗下的各銀行市佔率皆未超過10％，顯示金
控公司旗下銀行規模尚小，尚未具有規模經濟效益，過度競爭（overbanking）之結果，阻礙整體
金融業之發展。
2.多數金控公司旗下金融機構由於缺乏國際金融實務經驗，加上海外營業據點有限、業務量較
少，以致國際化程度相對不足，此有賴與海外市場深度連結，並持續深化金融國際化政策。尤
其我國將新南向政策列為施政重點，未來將在科技、文化與經貿等各層面，和新南向政策國家
成員廣泛交流合作。國內金控公司旗下金融機構勢必將肩負起協助台商布局新南向政策國家的
資金需求、積極申設新南向政策國家的金融分支機構以及參與東協、南亞基礎建設商機。為了
協助金融機構布局新南向政策國家，金管會已與9個新南向國家簽署金融MOU，包括東協的新加
坡、馬來西亞、泰國、印尼、菲律賓、越南，南亞的印度，加上澳洲、紐西蘭共9國。
3.隨著科技之發展，金融科技（FinTech）已突破金融市場固有區域，各國政府及產業界無不積極
應對此議題。台灣的傳統金融機構也把自己作為一股重要的顛覆性力量，致力於將大數據分析
（DataAnalytics）、人工智慧（ArtificialIntelligence，AI）、行動通訊科技（Mobile）、機器人流
程自動化（RoboticProcessAutomation，RPA）等新興科技應用到業務中。立法院業於106年12月
29日三讀通過「金融科技發展與創新實驗條例」，該法案促成金融監理沙盒法律，營造適合金
融科技業務發展之友善法規環境。另金管會參考英國或新加坡的實體聚落，規劃建置「金融科
技創新園區」，搭配「金融科技發展與創新實驗條例」的運作，可望加速金融服務業與非金融
服務業之協力合作、掌握金融科技商機，發展台灣金融科技業務，共同提升金融服務效率及品
質。
銀行業
1.國內銀行業競爭激烈，本國銀行利差持續縮小，侵蝕整體銀行獲利表現；加上國內市場資金寬
鬆、外資匯入及外幣存款持續擴增，產業轉型不易，資金需求保守、房地產市場短期內難有起
色，銀行存放比持續降低。
2.107年全球經濟成長率及世界貿易量成長率可望持續擴張，美元升息及主要經濟體貨幣正常化步
調為經濟主軸，惟仍須注意國際金融市場震盪加劇、貿易保護主義升溫、政治不確定性及地緣
政治衝突等風險因素。
"
2886,兆豐金,110,90,2886_110,1077,"營
運
概
況
88
營運概況
OURVISION—成為亞洲區域性金融集團
2.110年
（1）配合臺灣集中保管結算所推動大數據建置和整合單一申報系統，建置「票券金融公司數位
監理申報作業」，並持續配合推動第二階段(全市場)次級市場交易單據電子遞送服務，建
置相關資訊系統。
（2）配合財金公司推動金融區塊鏈函證服務，建置「票券詢函證作業」系統，提升作業效率。
（3）配合證券商公會之債券存摺電子化工作小組，持續推動債券存摺及買賣成交單電子化作
業，提供客戶高效及低成本之交割作業服務。
（4）新建虛擬化主機(VM)取代原實體主機，提升等殖成交作業系統穩定性及運作效率。
（5）考量資安風險升級資料庫系統，以符合資訊安全及提升作業效率。
（6）因應金控推動集團數位化政策，導入電子公文系統，加速數位化。
（7）研發「財務報表自行編製」系統，提升自編報表作業效率。
B.未來之研究發展計畫
1.配合臺灣集中保管結算所建置「票券商及一般投資人間票券次級市場交易成交單電子遞送服
務」與「公司負責人及主要股東資訊查詢平臺」功能，有效提升交易效率及強化防制洗錢及打
擊資恐作業之執行與交易監控。
2.持續配合證券商公會之債券存摺電子化工作小組，推動債券存摺及買賣成交單電子化作業，提
供客戶高效及低成本之交割作業服務。
3.持續優化財報自編系統，減少人工並降低資料前置處理程序，加速財報產製以達數位化需求。
4.因應資訊安全需求購置APT網路進階持續性攻擊防護系統，監控電腦或網路活動，防止駭客入
侵。
111年度預計業務研發經費為新臺幣1,800仟元。
兆豐產物保險(股)公司
A.最近二年度研究發展支出金額
109年度、110年度研究發展支出分別為新臺幣3,293仟元及10,275仟元。研發成果包括：為有效
減少傳統紙本保單印製及配送過程所產生的二氧化碳排放，故109年起，積極向保戶推廣善加使
用電子保單，且陸續增加險種，至110年底開通險種包含汽車保險、健康保險、傷害保險、旅遊
保險及住宅火險。110年度電子保單整體轉換率為50%，其中，防疫保險相關電子保單使用率更
高達81.1%。另積極推展行動投保，協助業務員親訪客戶時直接使用平板等行動裝置進行報價及
要保，且部分險種增加自動核保功能，縮短要保流程，藉此提升業務人員業務拓展效率。110年
推動包含智能客服系統及流程自動化(RPA)導入的數據分析及自動化專案，主要應用於汽車保險
損失率及理賠案件的戰情管理，藉由即時的數據化分析提高管理決策效益，提供消費者快速取得
基本指引，簡化例行性作業。
"
2886,兆豐金,111,10,2886_111,1557,"致
股
東
報
告
書
OURVISION—成為亞洲區域性金融集團
8
致股東報告書

單位：新臺幣仟元
公司名稱
繼續營業單
位稅前淨利
本期稅後淨利
每股
稅後盈餘(元)
資產報酬率
（%）
權益報酬率
（%）
本公司及子公司合併
21,144,301
18,334,958
1.32
0.45
5.84
本公司（個體）
18,171,716
18,334,958
1.32
5.05
5.84
兆豐國際商業銀行（股）公司
26,734,372
24,181,435
2.83
0.65
8.21
兆豐證券（股）公司
842,154
603,229
0.52
0.85
3.34
兆豐票券金融（股）公司
3,701,502
3,040,283
2.32
1.22
7.98
兆豐產物保險（股）公司
(10,164,243)
(9,523,769)
(63.87)
(40.75)
(242)
兆豐資產管理（股）公司
277,909
222,527
1.11
1.41
7.82
兆豐創業投資（股）公司
8,069
3,821
0.04
0.35
0.35
兆豐國際證券投資信託（股）公司
93,237
74,006
1.40
7.90
8.59
註1：資產報酬率=本期稅後淨利/平均資產；權益報酬率=本期稅後淨利/平均權益。
註2：除「本公司及子公司合併」乙列為合併財務資料外，餘為個體財務資料。
(五)研究發展狀況
111年度本公司及旗下子公司研究發展概要如下：
1.本公司持續導入集團ESG永續經營制度，啟動SBTi專案，採PCAF方法論進行投融資碳盤查及
SBT減碳目標規畫，持續執行高碳排產業、高氣候風險區域客戶及不動產擔保品於不同情境
下分佈之相關氣候變遷風險衡量及管理機制；另持續強化資訊系統、網路架構及資安防護能
力，並通過ISO27001驗證，接軌國際資安管理制度。
2.銀行子公司為積極開發新金融商品、順應科技化與數位化的金融發展趨勢、及貼近客戶對數位
服務的想法與需求，111年度開發與優化之新金融商品及數位金融應用諸如：優化分行STM(智
慧櫃員機)功能，新增客戶臨櫃開立信託理財帳戶服務，有效提升作業效率；強化行動銀行
APP之客戶認證功能，以保障交易安全；推出中小企業線上申貸平台「小微easy貸」，以簡化
流程、縮短中小企業貸放流程及提振業務成長動能；運用區塊鏈技術，與優質廠商合作建置
供應鏈融資平台，活絡中小企業金流、強化供應鏈韌性；實踐ESG永續經營及綠色金融，開
辦大型企業戶「綠色及永續定存」專案，並將ESG精神融入各項金融產品，發行環保材質信
用卡。銀行投入數位金融研發之同時，亦積極申請金融專利保護，截至111年底，共獲經濟部
核准新型專利477件、核准發明專利101件；另送件審核中之新型專利共35件、發明專利共81
件。
3.證券子公司於111年度開辦台股T+0、美股定期定額及他益信託業務，提供投資人多元化投資
選擇，並於11月17日獲臺灣證券交易所同意承作分戶帳業務，預計112年開辦。另於111年初
推出線上開戶平台「E-Open」，整合OCR辨識技術並結合銀行子公司線上核身核印服務，節省
開戶時間及繁複手續；111年9月提供「兆豐e存股」服務，客戶可以盤中零股為標的，進行定
期定額、定期定股及條件單方式進行存股計劃設定，另亦能提供美股定期定股之存股功能。
此外，為推動數位轉型，證券111年度委請專業顧問完成數位力診斷及開戶流程優化。顧問依
據公司客戶體驗優先、行動優先的策略主軸，檢視8個轉型構面（產品服務、客戶體驗、通路
管理、營運流程、數據分析、科技應用、組織人才、數位生態圈）後，研訂數位轉型各項行
動方案及完成RPA機器人開戶流程開發測試。
"
2886,兆豐金,111,93,2886_111,844,"營
運
概
況
91
2022ANNUALREPORT
A.最近二年度研究發展支出金額
110年度、111年度研究發展支出分別為新臺幣10,275仟元及7,261仟元。研發成果如下：
1.數據分析及自動化專案
專案皆於110年推動，其中數據分析主要應用為汽車保險損失率及理賠案件的戰情管理，藉由
即時的數據化分析提高管理決策效益；而自動化相關專案則包含智能客服系統及流程自動化
(RPA)導入，前者提供消費者可協助消費者快速取得基本指引，後者則預期可簡化具規則性的
例行性工作。
2.產險理賠區塊鏈
與產險其他同業利用平台使資訊同步，蒐集強制險及任意險追償作業數據並建構查詢、追蹤及
運算，藉此提升理賠作業效率、減少人為錯誤、簡化作業流程、推動產險理賠數位化，已於
111年完成業務試辦。
B.未來之研究發展計畫
因應保險科技與數位化的發展，已於111年5月成立專責單位，負責數位專案之規劃、應用、執
行與分析，並將數位化深植於企業文化內。預計整合內外部的需求與資源，並針對作業流程遇到
的痛點進行優化與改進，以改善內部作業效率並提升保戶使用體驗。112年度預計業務研發經費
為新臺幣19,000仟元。
兆豐國際證券投資信託 ( 股 ) 公司
A.最近二年度研究發展支出及其成果
1.研究發展支出：
110及111年度研究發展支出分別為新臺幣8,252仟元及8,140仟元，主要係用於基金資訊系統
應用支出，如彭博資訊(Bloomberg)、路孚特（Refinitiv）、中國萬得資訊(Wind)及精業嘉實等
資料庫費用。
2.最近二年度研發成果：
公募基金發行：兆豐新興市場短期高收益債券基金、兆豐台灣金傳精選股息基金、兆豐全球元
宇宙科技基金、兆豐洲際半導體ETF基金、兆豐特選台灣晶圓製造ETF基金及兆豐新加坡交易
所房地產收益基金。
B.未來之研究發展計畫
每年度持續研發新基金，以增加產品廣度，並優化投信子公司網路交易系統。112年度預計業務
研發經費為新臺幣8,071仟元。
"
2886,兆豐金,109,80,2886_109,1067,"營
運
概
況
78
營運概況
OURVISION—成為亞洲區域性金融集團
B.未來之研究發展計畫
1.評估併購國內外其他金融機構之可行性分析。
2.協助集團規劃建置ESG永續經營平台。
3.配合主管機關推動IFRS進度，持續開發相關財務及風險報表系統。
4.鑑別高碳排放量產業、高氣候風險區域客戶暴險統計。
5.鑑別銀行與票券子公司不動產擔保品於RCP8.5情境下之高氣候風險分佈情形。
6.持續強化網路架構，強化資安防護能力。
110年度預估研究發展支出(含員工訓練、專業服務費)總計約新臺幣12,600仟元。
兆豐國際商業銀行 ( 股 ) 公司
A.最近二年度研究發展支出及其成果
108及109年度研究發展支出分別為新臺幣2,661仟元及2,588仟元，主要用於購置專業圖書雜誌、
電子資料庫、編製相關出版刊物等。研究發展成果如下：
1.定期出版「兆豐國際商銀月刊」，刊載專論及國內外最新經濟及金融動態PDF檔，供各界參
考。
2.定期及不定期針對國內外經濟、金融情勢之最新發展提出研究報告。
3.授信業務方面，推出「房貸e把兆」，提供民眾線上快速查詢房價行情、生活機能、貸款額度
利率等資訊，一站式服務滿足民眾從看房、買房到辦理房貸的各項需求，並結合AI大數據分
析，導入機器人流程自動化及地理圖資系統等金融科技，打造智慧鑑價作業流程，有效提升核
貸效率，縮短民眾等待時間，其中智慧估價模型及流程，更獲得經濟部智慧財產局六項專利，
亦獲得第十屆傑出金融業務菁業獎-最佳消費金融獎。
4.信用卡業務方面，與房地產代銷業龍頭海悅團隊攜手合作，聯袂發行國內首張專為『成家』打
造的信用卡「海悅國際聯名卡」，持卡人可享購屋訂金回饋、訂金分期優惠、房貸及信貸優惠
利率、家電及量販賣場分期優惠利率等，讓持卡人享一條龍全方位超值回饋。
5.強化各項數位金融應用方面，為順應數位化時代之潮流趨勢，持續建置「STM智慧櫃員機」，
以提升分行開戶效率；運用大數據分析技術，建置「數據應用平台」掌握企業客戶資訊總覽；
推動開放銀行(OpenBanking)並已與第三方服務業者完成串接；導入機器人流程自動化(RPA，
RoboticProcessAutomation)專案，建置「機器人流程自動化暨管理平台」，以節省人力工時並
提昇作業效率。
6.數位金融創新方面，持續致力於數位金融研發並申請各項金融服務與專利，截至109年12月
底，獲經濟部核准新型專利共215件、核准發明專利共56件；另送件審核中之新型專利共3
件、發明專利共45件。
"
2886,兆豐金,109,83,2886_109,841,"營
運
概
況
81
2020ANNUALREPORT
B.未來之研究發展計畫
因應保險科技及資安風險管理之發展，持續優化作業流程、導入流程自動化(RPA)，並同時導入
智能客服、發展電子保單，並強化官網及社群平台(如LINE@)的經營，以提供保戶更完善的保險
服務。另針對保險業日趨重視的風險控管部分，亦預計進行自我風險及清償能力評估機制之建置
及執行。110年度預計業務研發經費為新臺幣8,400仟元。
兆豐國際證券投資信託 ( 股 ) 公司
A.最近二年度研究發展支出及其成果
108及109年度研究發展支出分別為新臺幣9,547仟元及5,963仟元，主要係用於基金資訊系統應
用支出，如彭博資訊(Bloomberg)、路孚特（Refinitiv）、中國萬得資訊(Wind)等資料庫費用。研
發成果為發行兆豐國際六年到期新興市場債券基金及兆豐國際台灣先進通訊基金。
B.未來之研究發展計畫
每年度新發行募集1-2檔基金，以增加產品廣度，並持續推廣小額投資及網路交易平台系統。110
年度預計業務研發經費為新臺幣8,511仟元。
兆豐資產管理 ( 股 ) 公司
A.最近二年度研究發展支出及其成果
108及109年度研究發展支出分別為新臺幣280仟元及280仟元，主要係用於業務面及財務面等資
訊系統的強化與升級，期使系統運作能更加完備，提昇資訊化作業與系統整合，提供更有效率與
彈性之管理工具。
B.未來之研究發展計畫
資產管理公司營運及實務作業上與諸多法律問題如強制執行法、公司法、危險及老舊建築物加速
重建條例、都市更新條例、營業稅法、個人資料保護法等息息相關。除持續進行專案研究並與同
業進行交流切磋外，對於新制定或修訂之相關法規也進行深入探討並同時提供同仁教育訓練，以
符法令規定。針對不動產業景氣之趨勢及波動亦密切注意，追蹤景氣變動對不動產業各階段之影
響再輔以彈性調整多元之經營策略，期將景氣波動影響降至最低。110年度預計業務研發經費為
新臺幣2,380仟元。
"
2886,兆豐金,109,87,2886_109,911,"營
運
概
況
85
2020ANNUALREPORT
3.財務及金融市場業務：
（1）因應新型冠狀病毒疫情擴散已嚴重衝擊全球經濟景氣成長及股市亦已進入高檔區間震盪，
將審慎操作短期股票交易部位，慎選優質抗跌產業展望佳之股票及進場時點，實現短期價
差交易之資本利得。
（2）因應債券部位到期及提升資金運用收益，增加債券投資部位，並於風險可控範圍內，進行
區間操作以提升獲利。
（3）投資永續債券，善盡企業責任，提升企業形象。
（4）掌握金融市場趨勢與短期波動利基，適時進行各項金融商品短期匯利率套利交易，以擴增
金融操作收益。
（5）發展多元化資金調度管道，力求降低流動資金成本，並在既定之利率風險下，運用殖利率
曲線特性，靈活進行貨幣市場操作，以短支長獲取期差收益。
（6）因應主管機關對相關法規之修訂，檢討修正內部相關作業規範，強化瞭解客戶程序及商品
適合度作業，穩建推展TMU業務。
4.信託業務：
（1）配合金管會推動信託2.0政策，依據各項主軸工作小組工作項目，規劃及執行策略，滿足
客戶生活及財產管理各項需求，掌握全方位信託相關商機。
（2）為因應高齡社會之財產管理需求，持續推廣及宣導安養信託業務，並加強與理財業務結
合，以兼顧客戶財產保全及增值需求。
（3）配合政府推動都市更新、老屋重建、重大公共建設及健全房市等政策，搭配金控集團資源
及授信政策，積極爭攬不動產信託相關業務。
（4）掌握國際財經環境變化，並配合營業單位及客戶之需求，適時提供元多元化國內外基金、
ETF等理財商品，以提升財富管理業務量、市占率以及手續費收入。
（5）爭攬具題材性、投資績效較優之基金及ETF保管業務，並推展保管基金relaunch行銷方案，
持續擴大保管規模。
（6）強化網路銀行及行動銀行之理財平台，並增加網頁活潑性及縮短網路下單流程，以利於客
戶輕鬆完成線上交易，進而提高自動化交易占理財業務總銷售量之比重。
B.長期業務發展計畫
1.財富管理及保險業務：
（1）持續將內控機制導入系統控管、人工報表導入RPA機器人流程自動化，以強化控管、降低
人工錯誤及成本。
（2）透過數位媒體與客戶互動溝通，提昇客戶黏著度。
"
2887,台新金,109,90,2887_109,1371,"(四)研究與發展
客戶使用手機上網行為日益普及，本公司109年推出手機網頁版線上開戶，搭配台新銀行網路銀行帳戶或Richart數
位一、二類帳戶，主打無須安裝任何APP，只需花費一碗泡麵的時間即可在手機上完成申請證券戶線上開戶，期待
能夠順應顧客使用習慣，提供最便利的證券服務。因應金融科技（FinTech）之快速發展，本公司持續優化、升級既
有電子服務平台功能，並結合母公司台新金控之資源，致力提升投資人之用戶數位旅程體驗，積極開拓數位新客源。
證券業係特許行業，所經營業務範圍與商品皆須遵循主管機關規範及核准始得開辦，本公司配合各項法令鬆綁與開
放，並依照客戶需求，以研究設計多元的產品與服務。
(五)長短期業務發展計畫
1.短期發展計畫
(1)擴大與金控其他單位之合作積極運用金控資源(如銀行通路及法金單位)，擴大業務綜效。
(2)持續強化電子交易平台及各項線上服務，提升平台、線上服務操作介面的便利性及功能性，並以電子交易比率
持續穩定成長為目標。
(3)積極發展複委託業務、兼營期貨及不限用途款項借貸等業務。
(4)嚴控投資部位之風險，避免產生虧損。
(5)積極爭取SPO案件主辦，包括業務部門客戶關係維護計劃，主動分析客戶報表提供先期規劃，以達爭取業務
先機。
(6)積極與金控各單位討論合作專案，透過每月固定會議，及不定期與主管會議追進度。
(7)增加風險管理機制，加強案件品管，降低送件風險。
(8)提升計量能力服務可及性，藉由更便利的資料取得研發交易策略。
(9)優化計量能力、各類交易與作業系統，持續提升整體效率與品質。
(10)持續研發與建立穩定獲利之計量交易策略。
(11)提供市場投資銀行+商業銀行的全方位服務，達成OneTaishinView目標。
(12)因應市場變化劇烈，除強化風險管控政策之外，開發預警系統，以優化部位配置。
(13)積極參與ETF業務，以鞏固市場主要造市商之地位。
(14)擴大結構型商品業務之服務，設計多樣化的股權連結商品、利基型商品，提供投資人多元化的投資管道，滿足
投資人對金融商品與服務的需求。
(15)以大型企業與私募基金網絡為重點業務，以深厚的市場人脈擴大潛在資金來源。
(16)完善洗錢防制及打擊資恐工作。
2.長期發展計畫
(1)機構法人佔整體市場之重要性與日俱增，將結合投顧研究資源與電子交易系統，以整合服務的模式來經營法人
客戶。
(2)依員工屬性與類型安排各種訓練課程，加強員工職能，提升公司整體競爭力。
(3)持續開發具成長潛力的企業，並執行客戶深耕計畫，以利承銷業務長期之發展。
(4)增加配售通路管道，提升案件承作能力。
(5)持續擴大數理統計與資料分析專業團隊規模，強化獲利之多元及穩定性。
(6)擴展各類金融商品產品線，完整發展各類證券金融交易相關業務。
(7)持續擴大及優化通路服務，並深耕客戶，以維持各項業務持續成長之動能。
(8)定期拜訪海內外私募基金，積極爭取跨國併購融資財務顧問、被併購公司的長年財務顧問。
(9)持續強化重視防制洗錢及打擊資恐之文化，力求防制洗錢及打擊資恐事務更臻完備。
(10)導入機器人流程自動化（RPA），持續提升內部各項作業電子化、自動化程度，以提升公司營運競爭力。
088
台新金控109年年報
伍
、
營
運
概
況
"
2887,台新金,110,90,2887_110,1435,"2.長期發展計畫
(1)機構法人佔整體市場之重要性與日俱增，將結合投顧研究資源與電子交易系統，以整合服務的模式來經營法人
客戶。
(2)依員工屬性與類型安排各種訓練課程，加強員工職能，提升公司整體競爭力。
(3)持續開發具成長潛力的企業，並執行客戶深耕計畫，以利承銷業務長期之發展。
(4)增加配售通路管道，提升案件承作能力。
(5)持續擴大數理統計與資料分析專業團隊規模，強化獲利之多元及穩定性。
(6)擴展各類金融商品產品線，完整發展各類證券金融交易相關業務。
(7)持續擴大及優化通路服務，並深耕客戶，以維持各項業務持續成長之動能。
(8)定期拜訪海內外私募基金，積極爭取跨國併購融資財務顧問、被併購公司的長年財務顧問。
(9)持續強化重視防制洗錢及打擊資恐之文化，力求防制洗錢及打擊資恐事務更臻完備。
(10)導入機器人流程自動化（RPA），持續提升內部各項作業電子化、自動化程度，以提升公司營運競爭力。
台新證券投資信託股份有限公司
(一)業務範圍
1.營業主要內容
台新投信主要營業項目為發行受益憑證募集證券投資信託基金，並運用證券投資信託基金從事證券及相關商品之投
資。本公司以國內外法人機構與一般投資大�為主要服務對象，於全省共有3個營業據點，過去已相繼與台新銀行、
華南商銀、合作金庫銀行、台灣銀行、兆豐銀行、玉山銀行、台灣企銀、上海商銀、日盛商銀、遠東商銀、安泰商
銀及台中銀行等多家銀行，台新證券、凱基證券、群益證券、元大證券、兆豐證券等多家證券商，簽訂特定金錢信
託及銷售契約，再加上將陸續與更多銷售實力堅強之基金銷售機構簽約，合計全省超過千個銷售通路據點。
2.營業比重
截至110年12月底，台新投信所管理之公募基金規模為新臺幣1,237億元，其中非貨幣市場型基金約占26.1％、
貨幣市場型基金約占73.9％。近3年營業收入列示如下表。
單位：新臺幣仟元
年度
項目
108年
109年
110年
金額
比率(％)
金額
比率(％)
金額
比率(％)
管理費收入
385,360
96.53%
430,613
95.91%
846,303
93.44%
銷售費收入
3,815
0.96%
12,559
2.80%
52,964
5.85%
服務費收入
10,030
2.51%
5,776
1.29%
6,487
0.71%
合計
399,205
100.00%
448,948
100.00%
905,754
100.00%
3.目前各項商品與服務
服務項目
主要內容
公募基金業務
募集發行共同基金及ETF基金受益憑證，由投資人申購所集合成之資金，經由台新投信專業投研管理團隊進
行操作，由投資人共同分享投資收益並共同分擔投資風險，所生之盈虧由投資人自行負擔。提供定時(不)定
額投資方式，投資人可與台新投信約定，於每個月約定時間內自投資人事先約定之帳戶內按約定之金額扣款，
定期買進基金之一種方式。
全權委託投資業務
對客戶委任交付之委託投資資產，就有價證券、證券相關商品或其他經主管機關核准項目之投資或交易為價
值分析、投資判斷，並基於該投資判斷，為客戶執行投資或交易之業務。
私募基金業務
向特定人私募證券投資信託基金，由台新投信專業投研管理團隊運用此證券投資信託基金從事證券及相關商
品之投資。
境外基金銷售業務
代理銷售經主管機關核准且由國內總代理機構引進之境外基金。
088
台新金控110年年報
伍
、
營
運
概
況
"
2887,台新金,111,90,2887_111,1278,"(15)積極與海外財務顧問夥伴合作及交流，創造跨境併購商機。
(16)完善洗錢防制及打擊資恐工作。
(17)推動ESG發展，成立相關專責單位分階段推動相關作業與產品。
2.
2.長期發展計畫
長期發展計畫
(1)機構法人佔整體市場之重要性與日俱增，將結合投顧研究資源與電子交易系統，以整合服務的模式來經營法人
客戶。
(2)依員工屬性與類型安排各種訓練課程，加強員工職能，提升公司整體競爭力。
(3)持續開發具成長潛力的企業，並執行客戶深耕計畫，以利承銷業務長期之發展。
(4)增加配售通路網絡，提升案件承作能力。
(5)持續擴大數理統計與資料分析專業團隊規模，提高客戶多元商品滲透效益，強化獲利之多元及穩定性。
(6)擴展各類金融商品產品線，完整發展各類證券金融交易相關業務。
(7)持續擴大及優化通路服務，並深耕客戶，以維持各項業務持續成長之動能。
(8)針對重點產業提升產業洞悉度，並複製過往成功財務顧問案例，縮短新案開發時程。
(9)持續引進具經驗及產業關係之資深專業投資銀行業務人才，落實產業專家之養成，積極爭取國際獎項，提升市
場競爭力及品牌知名度。
(10)持續強化重視防制洗錢及打擊資恐之文化，力求防制洗錢及打擊資恐事務更臻完備。
(11)導入機器人流程自動化（RPA），持續提升內部各項作業電子化、自動化程度，以提升公司營運競爭力。
台新證券投資信託股份有限公司
台新證券投資信託股份有限公司
(一)
(一)業務範圍
業務範圍
1.
1.營業主要內容
營業主要內容
台新投信主要營業項目為發行受益憑證募集證券投資信託基金，並運用證券投資信託基金從事證券及相關商品之
投資。本公司以國內外法人機構與一般投資大眾為主要服務對象，於全省共有3個營業據點，過去已相繼與台新銀
行、華南商銀、合作金庫銀行、台灣銀行、兆豐銀行、玉山銀行、台灣企銀、永豐銀行、上海商銀、日盛商銀、遠
東商銀、安泰商銀及台中銀行等多家銀行，台新證券、凱基證券、群益證券、元大證券、兆豐證券等多家證券商，
簽訂特定金錢信託及銷售契約，再加上將陸續與更多銷售實力堅強之基金銷售機構簽約，合計全省超過千個銷售通
路據點。
2.
2.營業比重
營業比重
截至111年12月底，台新投信所管理之公募基金規模為新臺幣1,288億元，其中非貨幣市場型基金約占21.93%、
貨幣市場型基金約占78.07%。近3年營業收入列示如下表。
單位：新臺幣仟元
年度
項目
109年
110年
111年
金額
比率(％)
金額
比率(％)
金額
比率(％)
管理費收入
430,613
95.91%
846,303
93.44%
757,690
94.46%
銷售費收入
12,559
2.80%
52,964
5.85%
36,166
4.50%
服務費收入
5,776
1.29%
6,487
0.71%
8,345
1.04%
合計
448,948
100.00%
905,754
100.00%
802,201
100.00%
088
台新金控111年年報
伍、營運概況
伍、營運概況
"
2888,新光金,108,7,2888_108,451,"(三)擴大智能服務，建立金控生態圈：
面對金融科技的衝擊，新光秉持創新求變的精神、提升客戶體驗的態度，不斷發掘各項業
務與數位科技應用的機會，以自動化等新型態、新流程、新商品、新服務，滿足新光客戶
需求：
1.透過RPA人機協作，精進流程：運用RPA(RoboticProcessAutomation,流程自動化
機器人)優化服務流程，減少人工作業、提升作業正確性及降低風險。例如：運用RPA
導入智能反洗錢，縮短疑似洗錢案件的審核人力及時間。
2.運用OpenAPI，拓展業務：開放API(ApplicationProgrammingInterface,應用程式
界面)框架，授權客戶資料或服務給第三方業者，共同創造更佳使用者體驗的金融服
務，增加手續費收入及獲客數。例如：新光銀行透過異業合作，自建SKLink平台，
規劃提供實名驗證、帳戶授權扣款等服務。新光人壽運用OpenAPI開發商品、核保
與理賠API。
3.持續優化APP，流暢客戶體驗：優先以行動裝置上的APP為開發客戶、服務客戶的主
"
2888,新光金,108,121,2888_108,568,"3.擴大智能服務，建立金控生態圈：
面對金融科技的衝擊，新光秉持創新求變的精神、提升客戶體驗的態度，不斷發掘各項
業務與數位科技應用的機會，以自動化等新型態、新流程、新商品、新服務，滿足新光
客戶需求：
(1)透過RPA人機協作，精進流程：運用RPA(RoboticProcessAutomation,流程自動
化機器人)優化服務流程，減少人工作業、提升作業正確性及降低風險。例如：運用
RPA導入智能反洗錢，縮短疑似洗錢案件的審核人力及時間。
(2)運用OpenAPI，拓展業務：開放API(ApplicationProgrammingInterface,應用程
式界面)框架，授權客戶資料或服務給第三方業者，共同創造更佳使用者體驗的金融服
務，增加手續費收入及獲客數。例如：新光銀行透過異業合作，自建SKLink平台，
規劃提供實名驗證、帳戶授權扣款等服務。新光人壽運用OpenAPI開發商品、核保
與理賠API。
(3)持續優化APP，流暢客戶體驗：優先以行動裝置上的APP為開發客戶、服務客戶的
主要通路。並透過敏捷式開發，快速回應客戶聲音。
(4)持續深化AI，擴大智能運用：運用大數據開發風險模型、行銷預測模型等來創新營運
模式；以及開發客戶身份驗證平台，並持續推廣智能客服與機器人理財等，以優化客
戶體驗並提高服務效率。
"
2888,新光金,108,126,2888_108,308,"新光人壽-AI深度學習分
析系統建置專案
專案進行中
803
109年08月技術選用及使用者針對新興技
術應用之接受度。
新光人壽-智能語音及對
話商務服務ChatBot
專案進行中
5,192
109年08月使用者針對新興技術應用之接
受度。
新光人壽-數位軌跡收集
專案進行中
2,615
109年07月技術導入及建立資料治理機制。
新光人壽-業務員風險分
析平台建置專案
專案進行中
1,328
109年02月有效之風險因子模型。
新光人壽-機器人行政流程
自動化(RPA相關應用)
內部評估
109年12月明確需求、業務支援、法規異動
及完整且詳實的測試作業。
新光銀行-業務流程機器
人(RPA)
內部評估"
2888,新光金,108,127,2888_108,88,"內部評估
4,000
109年12月主機負載效能與訊息中心之維
運機制。
元富證券-RPA專案
內部評估
8,000
109年12月業務單位投入之深度及人員對
RPA的認知。
"
2888,新光金,108,156,2888_108,397,"(三)營業目標︰
1.穩定獲利，增加淨值：管理子公司以穩定其獲利，增加金控淨值，強化資本強度。
2.資源整合，深化綜效：交叉及精準行銷之深度開發，擴大及深化跨子公司業務合作範圍。
3.數位轉型，優化體驗：透過RPA(RoboticProcessAutomation,流程自動化機器人)精進
流程；應用OpenAPI(ApplicationProgrammingInterface,應用程式界面)拓展業務；
持續優化APP以流暢客戶體驗；並且持續深化AI，擴大智能運用。
4.開創利源，拓展市場：尋求海外策略夥伴以增加合作及投資機會，並以穩健的策略協助
旗下各子公司發展海外市場，擴大海外收益及業務範疇。
5.注重法遵風控，落實公司治理，推動永續經營：持續精進公司治理，形塑法遵文化及確
保業務合規辦理，同時積極參與國內外永續評比，提升ESG績效，關注各項永續倡議，
適時導入國際標準與趨勢。

"
2888,新光金,108,178,2888_108,956,"4.未來相關計劃
(1)新光銀行將研發全通路申辦平台(立碼辦)，將本行申辦服務擴展至本行Kiosk自動化
服務機、超商等通路Kiosk機，亦可採API-banking形式或SDK方式延伸與導入至
第三方業者之平台與APP等之線上服務。
(2)新光銀行將透過APP優化卡友使用體驗，掌握客戶之需求與行為，增強溝通與連結，
強化黏著度與忠誠度，以提升消費意願增加收益，並擴展潛在年輕客群增加發卡量，
增加其他商品銷售機會。
(3)知識圖譜已經被廣泛及大量應用，AI技術已經相對成熟穩定。新光銀行規劃之客戶
知識圖譜建構，將協助企金RM、財管理專、貸款專員深化其客戶服務。並通過從銀
行轉帳、匯款交易、年報、公司公告、新聞等資料，自動抽取公司的股東、子公司、
供應商、客戶、合作伙伴、競爭對手及往來金融機構、關係人等資訊，構建法金客戶
的知識圖譜。
(4)新光銀行將運用AI技術建置感知標籤如意圖、個性、情感，於大數據平台提供客戶
意圖推論及推薦回覆資訊。
(5)新光銀行將配合金控整體規劃，因應業務流程機器人(RPA)續行計劃，將可減少人工
重覆作業、增加作業正確性、降低作業風險。現規劃應用於AML制裁名單檢核。
(6)新光銀行配合金控整體帳簿架構，系統回歸會計單位自行掌管，方便內部資料使用
與外部申報主管機關的一致性，故將建置會計總帳系統，以提供預算編列、費用管
控、成本控制及盈收分析等多維度功能，達到精確性與一致性的績效管理會計，並
整合產出財務及管理報表供管理階層決策分析。
(7)新光銀行將建置行動理專專案，以提供理財專員多樣化輔銷資訊及客戶與行程管
理，包含各項產品資訊、行銷/專案活動、重要公告、行事曆管理、事件通知與行銷
名單之服務記錄等。
(8)新光銀行將建立以服務為導向的基礎架構，運用容器技術實踐持續整合(CI)與持續部
署(CD)的目標，以加速新系統開發上線速度，降低系統佈建所需之時間。並以Open
API、微服務等新種技術的架構平台，借助新興科技，強化本行數位競爭力。
(9)新光銀行部分資料庫伺服器之軟體版本為SQLServer2008已使用近10年，微軟於
109年7月停止該資料庫軟體之技術支援及安全性程式更新服務，將進行資料庫軟體
版本提升，採購升級所需設備及軟體使用授權。
"
2888,新光金,108,181,2888_108,320,"4.未來相關計劃
(1)北瓦機房:擴建備援環境，建立電子交易第二中心，提升服務品質。
(2)總、分公司IP控管器建置。
(3)智能理財系統建置：推廣智能理財,開發潛在客戶，以小資族及定期定額客戶為主。
(4)智能客服系統建置：提供客戶更佳服務體驗，引進24小時文字問答客服，減少客服
人力，提升服務品質。
(5)數位員工RPA專案：以財務部、結算部流程先行導入，建立自動化代表流程，內化流
程自動化知識與技能，以建立有效之機制，逐步推展各部門流程自動化，進而達成數
位轉型目標。
(6)配合金控CRM建置：配合金控建置CRM第二階段任務，同步完成
(7)金控整合行銷需求亦能滿足證券端客群之歸類及行為分析，以利內部精準行銷之綜
效。



"
2888,新光金,109,8,2888_109,669,"據，發展數據價值生態圈。透過跨公司協作深耕價值客群，包含客戶分群管理(AI運用)、
行為預測模型、風險管理等。並結合客戶價值分析與用戶旅程建構創新營運模式，提升客
戶經營價值。
3.整合前瞻科技，擴大應用效益
新光金控已結合AI(人工智慧)、RPA(機器人流程自動化)、API(應用程式介面)等應用導
入智能服務、流程優化、新業務開拓等，並取得相關專利產權，例如：人壽智能客服、銀
行智能理財、證券智能選股。未來將持續深化員工數位技能，並聚焦在提升整體經營效益。
此外，亦成立金控數位科技戰情中心及數位轉型人才計畫(數位英雄計畫)，透過掌握新興
科技發展、集團資源整合及培育人才與建立數位價值的過程，將數位轉型的精神注入公司
文化，創造永續發展的利基。
(四)公司治理，接軌國際：
1.新光金控將持續完善公司治理架構，除了強化在法遵成效、內控內稽成效與資訊安全的管
理外，亦重視公平待客原則的推動，透過政策的擬定與執行，將公平待客精神內化成共同
的理念，並據此行動才能真正落實，而此舉有助於增進客戶信任、提升品牌信賴，更有益
於企業的健全經營。不僅如此，為確保弱勢族群都有公平取得財務服務的權利，新光金控
結合子公司之專業優勢，規劃一系列金融友善商品及服務措施，以增進社會大眾的福祉。
2.企業永續發展已是現代企業經營重要的課題，110年新光金控成立「企業永續辦公室」，
專責推動企業永續的發展與經營，未來將持續致力於提升ESG績效，增加社會參與及永續
倡議的投入，導入TCFD（氣候相關財務揭露建議）揭露氣候變遷風險與機會，並積極角逐
"
2888,新光金,109,77,2888_109,29,"總經理
吳欣儒
「機器人流程自動化(RPA)」認知教育訓練"
2888,新光金,109,136,2888_109,584,"2.數位扎根，驅動轉型：
(1)以客戶為中心的客戶體驗
為打造符合客戶需求的金融旅程，制定金控客戶體驗準則–FIRST(Focused,ntuitive,
Rapid,Streamlined,Thoughtful)檢視客戶旅程的設計思維。讓設計思維在產品開發、
客戶溝通與服務都能為用戶創造高體驗的顧客旅程。並成立跨公司體驗小組，作為整體
數位戰略力的檢視平台，提升金控數位品牌力與客戶滿意度。
(2)建立數據價值鏈，深耕價值客群
為提升數據驅動的綜效，新光金控優化數據治理架構並整合子公司600萬客群與產業數
據，發展數據價值生態圈。透過跨公司協作深耕價值客群，包含客戶分群管理(AI運用)、
行為預測模型、風險管理等。並結合客戶價值分析與用戶旅程建構創新營運模式，提升
客戶經營價值。
(3)整合前瞻科技，擴大應用效益
新光金控已結合AI(人工智慧)、RPA(機器人流程自動化)、API(應用程式介面)等應用導
入智能服務、流程優化、新業務開拓等，並取得相關專利產權，例如：人壽智能客服、
銀行智能理財、證券智能選股。未來將持續深化員工數位技能，並聚焦在提升整體經營
效益。此外，亦成立金控數位科技戰情中心及數位轉型人才計畫(數位英雄計畫)，透過
掌握新興科技發展、集團資源整合及培育人才與建立數位價值的過程，將數位轉型的精
神注入公司文化，創造永續發展的利基。
"
2888,新光金,109,139,2888_109,301,"b.新光銀行部份
自行研發全通路申辦平台，將新光銀行申辦服務擴展至內外部Kiosk自動化
服務機，亦可採API-banking形式或SDK方式延伸與導入至第三方業者之平
台與APP等線上服務。
導入機器人流程自動化RPA，減少人工重覆作業、增加作業正確性、降低作
業風險，已應用於AML、公文函詢、開戶等相關作業流程。
配合本行財富管理業務之發展及財富管理智能化與自動化管理趨勢，提供客
戶更方便及更即時的智能理財服務，建置「智能理財平台」，依據客戶風險屬
性問卷及其需求試算，系統提供客戶最適投資組合，確認後方可下單交易；
並隨時監控客戶投資組合狀況，即時通知客戶調整投資組合降低風險。



"
2888,新光金,109,162,2888_109,394,"3.未來計畫開發之新金融商品與服務：
(1)建置與推廣Python的交易API，提供量化交易投資人串接下單之交易需求。
(2)擴展數位服務，推出智能理財平台、優化智能雲端條件單及增加行動交易系統功能。
(3)申辦高資產客戶業務及推出美股定時定股服務。
(4)開發槓桿結構型商品(SN3)及客製化海外債券等券商特色商品。
(二)本年度經營計畫：
元富證券110年搭配金控發展策略，以「拓展市場及利源、強化數位體驗及運用、優化投資
獲利」作為中期發展策略，並擬定「提升穩定收入、擴大業務規模、深化數位服務、聚焦
客戶連結」的短期發展策略，基於中短期策略，本公司110年重要營業計畫彙總如下：
3.深化數位推廣模式，擴大遠距服務商機
建立全面E化業務模式，並導入RPA及優化智能客服，持續提升作業效率；依據平台分級
攻略，優化當沖及閃電下單等平台功能，並精進智能選股策略，以滿足各級客戶交易需
"
2888,新光金,109,166,2888_109,81,"RPA流程自動化
階段二
10%
150萬
110.12
技術導入與業務單位人員對
RPA的認知以及流程改造程度
新式身分證
(NeweID)業務
開戶機制建置案"
2888,新光金,109,172,2888_109,302,"1.穩定獲利，增加淨值：管理子公司以穩定其獲利，增加金控淨值，強化資本強度。
2.資源整合，深化綜效：交叉及精準行銷之深度開發，擴大及深化跨子公司業務合作效益。
3.數位轉型，優化體驗：結合AI(人工智慧)、RPA(機器人流程自動化)、API(應用程式介
面)等應用，優化以客戶為中心的客戶數位體驗。
4.開創利源，拓展市場：尋求海外策略夥伴以增加合作及投資機會，並以穩健的策略協助
旗下各子公司發展海外市場，擴大海外收益及業務範疇。
5.注重法遵風控，落實公司治理，推動永續經營：持續精進公司治理，形塑法遵文化及確
保業務合規辦理，同時積極參與國內外ESG評比，關注各項永續倡議並適時導入國際標
準。
"
2888,新光金,109,193,2888_109,367,"(3)配合金控整體規劃，因應業務流程機器人(RPA)建置計劃，將可減少人工重覆作業、
增加作業正確性、降低作業風險。現規劃應用於AML相似名單確認作業，後續將導
入更多流程應用情境。
(4)新光人壽將不斷利用科技發展貼心服務，保持同業領先地位，擬建置目標導向
（task-led）之智能對話商務服務，使保戶透過與智能小新互動即可完成保單契變
或交易服務。建置語音輸入服務(STT)，保戶以口述語音方式詢問智能客服機器人，
透過STT等技術讓智能客服機器人小新提供最適答案，再透過交談介面回覆給保戶。
(7)與時俱進的新光人壽，以行動辦公室、專屬「數位領航家」App與e化服務平台與
時代接軌，透過「數位領航家」App等工具，於疫情期間達成業務不中斷；並持續
於行動化辦公計畫，擴增相關設備與基礎建設，以因應未來的發展不確定性與變化。
"
2888,新光金,109,195,2888_109,478,"(4)配合電子/行動收付發展，升級相關收單、支付系統及平台設備，以提升經濟活動效
率、節省現金支付處理成本及提高金融透明度等。並持續開發多元支付工具及開拓
應用場域，讓客戶享有便捷安全之支付服務，且提升商店結帳效率及便利性，創造
民眾、商店、銀行三贏局面。
(5)優化消金業務數位通路體驗，包含OCR影像辨識及視訊驗證等機制、預審機制、即
時決策機制、電銷系統優化、虛實融合(OMO)等，快速且精準評估客戶之風險，提供
最適化即時核決，適時滿足客戶資金需求。
(6)配合金控整體規劃，因應機器人流程自動化(RPA)續行計劃，將可減少人工重覆作
業、增加作業正確性、降低作業風險，目前規劃應用於高價值流程自動化，以成就
客戶體驗，包含即時回應客戶能力、全時(7*24)服務能力、擴增接納客源能力、快
速提供多樣化產品等。
(11)建立以服務為導向的基礎架構，運用容器技術實踐持續整合(CI)與持續部署(CD)的
目標，以加速新系統開發上線速度，降低系統佈建所需之時間，並以OpenAPI、微
服務等新種技術的架構平台，借助新興科技，強化本行數位競爭力。


"
2888,新光金,109,198,2888_109,165,"(5)數位員工RPA專案：以財務部、結算部流程先行導入，建立自動化代表流程，內化
流程自動化知識與技能，以建立有效之機制，逐步推展各部門流程自動化，進而達
成數位轉型目標。
(6)配合金控CRM建置：配合金控建置CRM第二階段任務，同步完成
(7)金控整合行銷需求亦能滿足證券端客群之歸類及行為分析，以利內部精準行銷之綜
效。

"
2888,新光金,110,85,2888_110,17,"數位自動化RPAworkshop
"
2888,新光金,110,146,2888_110,692,"導入商業流程管理(BPM)系統建置專案，縮短自動化作業時間，具彈性支援
不同單位以平衡工作負荷，能正確快速的處理即時修正流程問題，並提高流
程中相關人員、組織和客戶的滿意度，已於109年完成第一階段導入新契約
作業。110年啟動第二階段導入契變作業，預期系統上線後可由流程引擎驅
動契變業務，降低作業人員對系統的學習曲線並精簡作業流程。
配合金控整體規劃，因應業務流程機器人(RPA)建置計劃，將可減少人工重覆
作業、增加作業正確性、降低作業風險。已於110年規劃應用於AML相似名
單確認作業，後續也將導入更多應用流程情境。
新冠肺炎疫情嚴峻，考量到有投保需求的客戶，外出與業務員接觸恐徒增染
疫風險，為確保保戶健康安全，新光人壽110年11月11月開辦「光速保」
新契約遠距投保作業，利用專屬「防疫視訊錄影平台」，有別於業界視訊投保
多半透過手機或通訊軟體錄影，此平台不限iOS或安卓系統使用，整合行動
E投保電子要保書下載、線上即時視訊錄影上傳、要保文件拍照回傳及電子
簽章等功能，提供一站式視訊投保服務，打破業界視訊投保多項門檻限制，
保戶只需要簡單三步驟，運用資訊科技免接觸、無紙本、資料不落地，即可
在不與業務員接觸的情況下完成投保，讓視訊投保安心零距離。
b.新光銀行部份
建置企金戶預警通知系統，包含企金預警指標產出及企金預警客戶檢視等兩
項模組。其中企金預警指標產出模組整合開放資料（OpenData）、聯徵資料、
銀行內部大數據資料、調校聯徵查詢組合及查詢頻率。標準化企業戶預警作
法，以系統方式主動通知RM審視系統警示客戶，以確保企業戶信用風險品
質。
"
2888,新光金,110,147,2888_110,600,"建置整合開戶平台系統，將傳統的臨櫃開戶交易，結合影像處理及人工智慧
技術，提供客戶開戶免填寫文件的便捷體驗。客戶免去填寫多份開戶文件的
繁瑣與不便，只需於一份開戶申請書上簽名確認，便完成開戶手續，立即領
取金融卡，享受快速完善的金融服務。
全新設計線上微企貸之徵審流程，與外部金融科技業者合作，打造全天候24
小時的APP快速申請服務，並進一步結合API、RPA及AI模型等技術，優
化徵審流程，達到零接觸、全線上快速核貸之成效。不僅有效協助企業主取
得資金融通，更配合政府產業數位轉型政策，協助建構數位融資生態，實踐
普惠金融。
導入機器人流程自動化RPA，減少人工重覆作業、增加作業正確性、降低作
業風險、提升作業效率。總行半數以上單位皆已導入使用，並於各單位培訓
至少一位RPA種子成員，以提高流程自動化作業的普及率。
元富證券榮獲「2021工商時報數位金融獎」之數位轉型典範獎。透過各單位
積極將RPA數位員工導入日常業務，藉由流程梳理、整合、優化來提升效
率。今年RPA專案共完成15隻流程自動化作業，包含經紀業務:法人客戶工
商查詢、家事事件查詢、客戶交割金額應收催收流程、內部人及配偶交易比
對異常檢視流程；法遵業務案件彙整、法規更新、裁罰案撈取等。未來進一
步將RPA導入「一戶多開」、「銀證雙開」和「臨櫃開戶無紙化」等客戶開
戶服務作業，減少開戶作業斷點以提升客戶體驗滿意度。"
2888,新光金,110,149,2888_110,31,"新光人壽-機器人行政流程自動
化(RPA相關應用)
專案進行中"
2888,新光金,110,165,2888_110,354,"(3)財富管理業務
業務管理機制：建構完整的財管績效管理系統，包含工作導向系統、SFA、AO管
理系統、及LINE助理等，以提升理專產能，優化業務管理效能；進行理財主管養
成計劃，提升召募、管理技能以評測量化、職能方式進行系統管理訓練，提升管
理能力；因應理專21誡，規劃透過RPA高價值關鍵流程，優化檢視流程，提升
檢核效率。
客戶分群深耕：依據客戶資產、貢獻、往來黏著度等維度區分客群，分別規劃適
切之客戶權益及行銷優惠。強化高資產客戶權益，提升高貢獻客戶之回饋，以多
樣化的酬賓服務深化客戶關係。運用財管點數計畫之商品兌換機制，提供豐富的
商品選項，滿足客戶多面向之需求，並透過點數累積提升客戶的忠誠度。持續精
進客戶行為模式分析，建立客戶標籤，篩選潛在客戶加強經營，以增加客戶往來
產品持有數。
"
2888,新光金,110,174,2888_110,555,"3.深化數位推廣模式，優化數位服務支援
(1)持續優化線上服務功能，包括新增線上一開多戶及多項線上申辦業務，並導入開戶
徵審RPA，提升客戶開戶體驗，同時強化智能選股、智能交易及智能API系統，提
供整合的智能輔助交易工具，提升交易周轉率及業務量。
(2)數位創新方面，將發展便捷核身機制、推出提供微社群功能之全新存股平台及自製
特色APP，打造數位創新亮點。

4.調整部位操作策略，建構穩定報酬部位
(1)為創造穩健的部位收益，採股債部位互補交易策略，獲利兼顧股息收益及淨值提
升，並透過精進策略交易操作，降低盤勢變化對損益波動影響。
(2)持續發展整合性策略交易模式，加速協力平台開發新策略，擴大交易市場涵蓋範
圍，針對策略資源進行整合，期望達到收益曲線穩定成長的目標。

5.聚焦投資事業效益，擴大優勢業務規模
積極發展子公司優勢業務，藉由優化研究、擴大期貨業務、提升全委規模及建立優質創
投案源等方式，提升轉投資營運績效。

6.注重法遵完善待客，落實治理推動永續
持續提升法令遵循及公平待客意識，並透過建置智能法令遵循控管系統、參與金控法遵
AI專案，強化法遵作業降低裁罰風險。在落實ESG方面，將增加綠色採購比重、參與綠
色金融業務及投資決策流程納入ESG因素，落實ESG執行及推動永續金融投資。"
2888,新光金,110,177,2888_110,23,"RPA數位員工流程自動化建置案
110.12
"
2888,新光金,110,185,2888_110,332,"(三)營業目標︰
1.穩定獲利，增加淨值：管理子公司以穩定其獲利，增加金控淨值，強化資本強度。
2.資源整合，深化綜效：交叉及精準行銷之深度開發，擴大及深化跨子公司業務合作效益。
3.數位轉型，優化體驗：結合AI(人工智慧)、RPA(機器人流程自動化)、API(應用程式介面)
等應用，優化以客戶為中心的客戶數位體驗。
4.開創利源，拓展市場：尋求海外策略夥伴以增加合作及投資機會，並以穩健的策略協助
旗下各子公司發展海外市場，擴大海外收益及業務範疇。
5.注重法遵風控，完善公平待客：形塑企業法遵文化，並落實公平待客原則。
6.落實公司治理，推動永續經營：持續精進公司治理及確保業務合規辦理，同時積極參與
國內外ESG評比，關注各項永續倡議並適時導入國際標準。
"
2888,新光金,110,207,2888_110,431,"(3)配合金控整體規劃，因應業務流程機器人(RPA)建置計劃，將可減少人工重覆作業、
增加作業正確性、降低作業風險。已規劃應用於AML相似名單確認作業，後續將導
入更多流程應用情境。
(4)為強化公司網域基礎架構之完整性與安全性，將現行網域AD版本提昇與作業系統改
善，加強安全控管，簡化系統管理工作。
(5)建立元數據管理系統，統一公司內部資料定義，提供完整元數據查詢。並利用數據品
質監控檢核系統以及儀錶板，透過數據檢核規則主動警示問題資料，以提高資料的可
用性及正確性。建置管理系統同時實現資料治理導入。
(6)導入軟體變更影響分析工具，因應維護軟體複雜度提高，透過變更分析工具提供影響
報告，來降低系統發生錯誤的風險。
(7)與時俱進的新光人壽，以行動辦公室、專屬「數位領航家」App與e化服務平台與時
代接軌，透過「數位領航家」App等工具，於疫情期間達成業務不中斷；並持續於行
動化辦公計畫，擴增相關設備與基礎建設，以因應未來的發展不確定性與變化。
"
2888,新光金,110,208,2888_110,217,"4.未來相關計劃
(1)因銀行產品服務多元，有大量中後台流程協同作業，未來將發展智能自動化
Hyperautomation，藉由新型態科技工具提高生產力與作業效能，加速內外部作業對
環境變化的回應速度。目前已導入機器人流程自動化，減少人工重覆作業、增加作業
正確性、降低風險、提升效率，並培訓RPA種子成員，協助員工學習人機協作，讓
業務端員工也能成為素人開發者（CitizenDeveloper），進而轉型為機器人管理師等
職能。
"
2888,新光金,110,212,2888_110,164,"(5)數位員工RPA專案：以財務部、結算部流程先行導入，建立自動化代表流程，內化
流程自動化知識與技能，以建立有效之機制，逐步推展各部門流程自動化，進而達
成數位轉型目標。
(6)配合金控CRM建置：配合金控建置CRM第二階段任務，同步完成
(7)金控整合行銷需求亦能滿足證券端客群之歸類及行為分析，以利內部精準行銷之綜
效。
"
2888,新光金,110,250,2888_110,484,"金控及各子公司之資訊系統架構依其風
險等級建立資料備份機制及備援機制，以確
保資訊系統提供之服務不中斷；並加強各項
模擬測試與緊急應變等演練以確保資訊系
統之正常運作及資料保護，以降低無預警天
災或人為疏失所造成之系統中斷風險，確保
符合預期系統復原目標時間。
本公司規劃導入
新金融科技(例如，
行動裝置、自動化
流程機器人
(RPA)、敏捷
(Agile)開發等)及
創新服務模式發
展﹐以提升客戶金
融服務體驗並藉
由金控子公司跨
業整合產生綜效，
創造商機。在導入
新金融科技及整
合子公司金融服
務同時，各子公司
資安防護落差與
威脅態樣差異，及
伴隨新金融科技
來的新型態資安
威脅，將複雜化既
有資安管控與防
護體系，並在本公
司既有資安管理
體系的治理面、存
使用金融科技的業務通常
牽涉大量資金與客戶資
料，因此資安防護等級須
高於一般行業，且新金融
科技導入及創新服務模式
無論在技術或是法規上都
是全新的領域，一旦發生
資訊安全事件，將造成客
戶資料外洩、企業機密外
洩、本公司之財務及商譽
損失，甚至因觸犯資訊安
全法規而受到主管機關裁
罰。
"
2888,新光金,111,9,2888_111,420,"3.打造全員轉型思維,加速轉型動能
112年將持續擴大集團數據與科技公民化的推動,打造全員思維,包含Spark
Hero數位科技人才擴大培育、集團數位科技講座、RPA(機器人流程自動化)
小學堂、跨界人才的培育等加速組織打底奠基的推動。並因應科技趨勢、產業環
境、勞動人力結構的轉變,持續導入新興科技工具,提升員工科技技能,包含全
面自動化工作流程導入,雲端協作工作模式與人機協作的新模式,打造新光「員
工未來的工作模式」。
2.企業永續發展已是現代企業經營重要的課題,112年新光金控將以持續入選「道
瓊永續指數(DowJonesSustainabilityIndices,DJSI)」世界指數(DJSIWorld)
成分股為目標,積極提升ESG績效,並將因應金管會「綠色金融行動方案3.0」
之五大推動重點,持續落實碳盤查及氣候風險管理,發展ESG投融資,強化資
訊揭露與永續人才訓練,與政府及產業協力合作,共同邁向國家淨零轉型的目標。"
2888,新光金,111,159,2888_111,661,"配合金控整體規劃,因應業務流程機器人(RPA)建置計劃,將可減少人
工重覆作業、增加作業正確性、降低作業風險。已於110年規劃應用於
AML相似名單確認作業、發展半自動化資安情資分析自動執行重複性且
繁瑣的資安情資彙整作業,加速資訊安全人員作業時效並提升情資運用
效率,以強化企業資訊安全的韌性。
數據是數位時代最重要的戰略資產,新冠疫情推動新生活型態同時加速
金融科技發展,為能有效使用資料數據優化作業流程,於111年4月成
立「數據治理小組」,導入國際數據管理協會(DAMA)數據治理方法,
以梳理客戶通訊資料為首要目標,運用大數據分析技術建置「客戶通訊
資料治理系統」,整合協作資料的正確性,為數據資產打下重要基礎,獲
得經濟部智慧財產局頒發新型專利,這也是全國第一個客戶通訊資料治
理新型專利。
為更進一步提高與客戶的有效聯繫率,新光人壽於111年11月開始啟用
「客戶通訊資料治理系統」,結合既有的「客戶資訊整合系統(CIS)」,
若客戶資料上有公司聯繫未成功記錄,在該客戶致電0800客服專線及親
臨服務櫃台時,系統將自動在第一時間提示服務人員,協助確認聯繫資
料的正確性,減少書寫遺漏、誤植、未更新情況,並確保格式一致,保障
客戶權益,提供全方位的創新服務與價值。以及透過新CTI系統持續優
化0800客戶服務;同時,亦導入以光學字元辨識(OCR)與自然語言
處理(NLP)技術的「智能保單健診系統」,提供保戶與非保戶保單健
診的服務,藉由科技提高保險透明度,提升顧客服務體驗,更為全民的健
康保障嚴格把關。"
2888,新光金,111,160,2888_111,261,"今年RPA專案共完成15隻流程自動化作業,包含經紀業務1項:開戶
作業徵審流程自動化。債券業務2項:每日外幣資調報表產出及寄送、
每日債券報價檔更新。投顧業務5項:寄送客戶全委結帳報表、資料歸
檔_交割行前檢查表、交割指示函、合併買賣、成交通知單;與其他5個
業務單位合計7項服務。
持續完善各項臨櫃與線上的開戶作業:完成線上舊客戶加開(OLD-NEW)
財富管理、複委託、分戶帳、信用戶等服務功能。客戶臨櫃開戶無紙化服
務第二階段新增財富管理業務。
為強化交易系統競爭力,完成導入Solace(低延遲特性)系統,提供重
"
2888,新光金,111,162,2888_111,66,"技術導入及流程改造。
新光人壽-機器人
行政流程自動化
專案進行中
自製
持續進行
流程改造及資源優化利
(RPA相關應用)
用。
"
2888,新光金,111,195,2888_111,20,"開戶作業徵審流程自動化(RPA)建置案
"
2888,新光金,111,204,2888_111,348,"（三）營業目標
1.穩定獲利，增加淨值：管理子公司以穩定其獲利，增加金控淨值，強化資本強度。
2.資源整合，深化綜效：交叉及精準行銷之深度開發，擴大及深化跨子公司業務合
作效益。
3.數位轉型，優化體驗：結合AI（人工智慧）、RPA（機器人流程自動化）、API
（應用程式介面）等應用，優化以客戶為中心的客戶數位體驗。
4.開創利源，拓展市場：尋求海外策略夥伴以增加合作及投資機會，並以穩健的策
略協助旗下各子公司發展海外市場，擴大海外收益及業務範疇。
5.注重法遵風控，完善公平待客：形塑企業法遵文化，並落實公平待客原則。
6.落實公司治理，推動永續經營：持續精進公司治理及確保業務合規辦理，同時積
極參與國內外ESG評比，關注各項永續倡議並適時導入國際標準。
（四）發展遠景之有利與不利因素
"
2888,新光金,111,226,2888_111,112,"(3)配合金控整體規劃,因應業務流程機器人(RPA)建置計劃,將可減少人工
重覆作業、增加作業正確性、降低作業風險。已規劃應用於AML相似名單確
認作業、發展半自動化資安情資分析自動執行重複性且繁瑣的資安情資彙整
-222-"
2889,國票金,111,136,2889_111,286,"b.自行開發或建置證券DMA交易系統、「國票閃電+」新增自動鋪
單及條件拆單功能、「國票閃電+」海外期貨交易及帳務功能、線
上開戶無紙化暨RPA流程機器人、電子交易憑證申請OTP驗證
機制、線上期貨信託指數基金ETF投資人商品考試系統、證期權
各電子交易平台之「登入雙因子驗證機制」及「憑證申請OTP驗
證機制」、分戶帳股票股利入帳系統、CQG海外期貨上手交易閘
道、Splunk即時監控平台、WebCA憑證申請平台、國內外期貨分
時分量交易平台、不限用途應收在途交割款借款帳務系統、IPS
網路入侵防禦系統、MITQ雲端智慧單系統、期貨兼營證券業務
交易及帳務系統等。
"
2890,永豐金,107,68,2890_107,1213,"ANNUALREPORT2018
66
(7)導入機器人流程自動化
導入機器人流程自動化(RPA，RoboticProcessAutomation)機制，將例行作業自動化，提高作業效率，並
降低人為錯誤發生機率。
(8)專利取得
取得『使用區塊鏈之證照發行管理系統與方法』專利(發明第I648679號)。『結合區塊鏈電子票券交易
系統及其電子票券交易方法』發明專利通過審定。
(9)每年舉行年度投資展望會，250人以上參加，並不定期舉辦產業專題研討會。
3.未來研究發展計畫
(1)國立成功大學產學合作研發專案
為因應全球科技發展與金融需求快速成長挑戰，提升永豐銀行風險管理、開發技術以及企業數位轉
型，與國立成功大學合作，共同思考與發展「未來金融生活的樣貌」，結合分行實踐並優化業務發展
與策略；以經由人工智慧、自然語意摘要、大數據分析及機器學習系統，增強信用風險評核與風險預
警能力，發展具競爭力之投資組合建議，強化客戶端精準行銷及建立以客戶為核心的服務新模式，提
升業務競爭力。
(2)成立永豐AI中心
深耕大數據、人工智慧、區塊鏈等新興科技之應用與發展，運用科學創新調整業務及營運發展模式，
提升數位金融服務及改善客戶金融體驗。
(3)大中華地區研究人員整合，以提供集團投資決策者及客戶更即時、更深入的研究分析報告。
(4)中國大陸地區研究資源轉型對焦，支援複委託業務發展。
(四)長、短期業務發展計畫
在2018年，永豐金控提出「監督管理」、「策略領導」及「發揮綜效」三大主軸：(1)監督管理：增設「誠
信經營委員會」及「永續發展委員會」，完成建置內部舉報制度、董事會績效評核機制及人權政策，並致力
精進內部控制三道防線運作，厚植重視稽法風的企業文化；(2)策略領導：完成組織改造，發揮專業分工；賡
續推動數位金融，加速與第三方夥伴合作及產學結盟；整合海外布局，鋪展跨境金融服務平台；(3)綜效發
揮：整合集團資源，帶動子公司跨售文化，並持續進行子公司整併清算，提升集團資本使用效率。
2019年永豐金控已確立依循「架構、奮起、比肩、超越」四個階段邁進，並啟動執行五大經營主軸：(1)強
化資產配置、提升經營效率；(2)提升手續費收入；(3)衝刺海外收益；(4)積極進行數位轉型；以及(5)深化公
司治理、永續發展與風險控管。永豐金控亦會督導各子公司於強化重點業務發展及結構調整之同時，持續強
化風險管理核心能力，在妥善風險控制下創造最大利潤。展望未來，永豐金控將持續秉持轉型創新精神，透
過實體、虛擬通路的無縫接軌，打造前瞻金融服務，創造更貼心的客戶體驗，並以提升股東價值為依歸。
B.永豐銀行
(一)業務範圍
1.業務內容
永豐銀行之業務係依銀行法及相關法令之規定，暨永豐銀行營業執照之記載，並依據銀行的資源條件及社
會大眾與工商企業之需求而規劃擬訂，其業務範圍為一般存放款業務、信託與投資業務及外匯業務等。

"
2890,永豐金,109,5,2890_109,1456,"致股東報告書
公司簡介及公司治理報告
財務概況
財務狀況及財務績效之檢討分析與風險管理事項
特別記載事項
附錄
營運概況
募資情形
3
五、深化公司治理、永續發展與風險控管：永豐金控積極回應聯合國永續發展目標（SDGs），2020年首度名列證交所第
六屆公司治理評鑑Top5%及入選《天下CSR企業公民獎》「大型企業組前50強」，並連續獲納「公司治理100指數」
及「臺灣永續指數」成分股，足見永豐金控於公司治理及永續發展位列國內金融業領先集團。永豐銀行亦正式簽署
「赤道原則」，成為全球第102間赤道銀行。
主要子公司經營策略與營運成效
永豐銀行秉持以客為尊的理念，深耕在地服務。2020年全年合併稅後淨利新台幣97.54億元、每股稅後盈餘新台幣1.13元、
權益報酬率7.14%。業務規模方面，永豐銀行積極調整存、放款結構，2020年底永豐銀行合併資產總值接近新台幣二兆
元，較前一年底增加17.62%；總存款及總放款亦高速擴張，年增率分別達19.47%
與14.08%，放存比為69.80%。因應數位科技演進與市場需求，永豐銀行於2019年
推出「大戶DAWHO」整合數位帳戶，提供隨需、便捷與安全的金融服務，備受市
場好評，開戶數已位居市場前三大，更獲得台灣金融研訓院第十屆《臺灣傑出金融
業務菁業獎》「最佳數位金融獎」優等肯定。永豐銀行積極參與臺灣及亞洲金融市
場各項金融交易操作，外匯、利率類、權益證券類及其衍生性金融商品交易平台建
置完整，為亞太地區主要造市交易商。
永豐金證券持續金融創新，以專業服務、優先市場布局。2020年全年合併稅後淨
利新台幣28.74億元，創近十年新高，亦為成立以來次高，較前一年度大幅成長
50.92%；每股稅後盈餘新台幣1.77元，權益報酬率10.10%。永豐金證券轉型發
展財富管理有成，泛財富管理收入連年穩定成長，全年淨收益續創高峰，達新台
幣25.28億元；憑藉著創新策略及執行力，複委託業務成交金額在市場排名站穩第
二，並成功於下半年連續奪得單月份市占第一。財管信託資產管理規模再寫新頁，
達新台幣248.75億元，年增長率36.98%，市場排名前進至第二。永豐金證券力拚數位轉型，在數位產品、平台及作業流程
的推動成果顯著，從精進數位理財投資帳戶「大戶投」，到推出「豐存股」臺股及美股雙市場存股平台，並完成線上線下
開戶全面無紙化作業，以及導入流程機器人（RPA）打造自動化辦公室場域，展現數位化進展成果，積極打造成為具財富
管理特色的數位科技品牌券商。
資本結構強健信用評等穩定
永豐金控資本適足率（CAR）穩定，2020年底達131.88%；永豐銀行於2020年底合併資本適足率（BIS）達15.96%。永豐
銀行資產品質亦維持優異水準，2020年底逾放比僅0.14%，較前一年底減少0.07%，呆帳覆蓋率為937.65%。整體而言，
永豐金控流動性結構允當，信用評等展望穩定，最近一次信用評等結果摘要如下：
總經理朱士廷
評等類別
信用評等公司
評等日期
標準普爾(Standard&Poor's)
惠譽國際信評(FitchRatings)
惠譽國際信評(FitchRatings)
中華信評(TaiwanRatings)
國際評等
國內評等
2020年8月19日
2020年11月19日
2020年8月19日
短期評等
長期評等
BBB
BBB+
AA-(twn)
twA+
A-2
F2
F1+(twn)
twA-1
穩定
穩定
穩定
評等展望
"
2890,永豐金,109,79,2890_109,1343,"致股東報告書
公司簡介及公司治理報告
財務概況
財務狀況及財務績效之檢討分析與風險管理事項
特別記載事項
附錄
募資情形
營運概況
77
(三)研究與發展
1.研究發展支出
請參閱子公司研究發展支出。
2.研究發展成果
(1)人工智慧技術應用
●不動產估價智能化:為提升精準且科學化的金融服務，「秒估房貸」以自行開發人工智慧(AI)為基礎
的「自動估價模型」(AutomatedValuationModel,AVM)，協助民眾迅速掌握房屋可貸額度，同時
結合街景及電子地圖，分析多元生活機能，提高智能金融的應用。AVM混合約百種模型而成，可深
入分析每筆物件的區域行情，包括透過計算擔保品與周邊交通據點或公園綠地等設施的距離，並探
勘鄰近學區或社區等特有樣貌，以豐富的資訊結合運算方法評估價格。而銀行內部鑑價作業亦同步
導入AVM，啟動價格自動檢核機制，迅速獲得價格分析評估，配合現場勘查人員行動裝置配備，大
幅縮短整體作業流程。
●太陽能資費整合自動化:為配合法人金融綠能業務持續成長，藉由自建開發太陽能電廠售電躉購電
費單辨識系統，運用光學影像辨識(OpticalCharacterRecognition,OCR)及深度學習等技術，針對
客戶提供的掃描、傳真等多種品質電費單影像做內容辨識。除可大量節省過往作業人工登打超過數
萬張的電費帳單的鍵入時間、減少人工錯誤、加速蒐集整合帳單外，辨識內容可自動上傳歸檔，提
升法人金融綠能業務的貸後管理作業效率與法人金融業務服務效能。
(2)數據整合經營
統籌規劃及建置金控人工智慧研發及數據應用架構，包含資料治理平台、人工智慧研發持續整合及持
續交付平台，以及容器化架構導入、金控資料倉儲等先進技術專案，大幅提升永豐金控集團之數據力
和數位轉型之進程。
(3)流程自動化機器人(RoboticProcessApplication,RPA)
協助子公司導入流程自動化機器人解決方案；改善子公司內部徵審作業、資訊彙整蒐集、改善人工作
業效率和流程。並持續於各子公司推廣流程優化、自動化之效益，協助評估業務作業流程導入之適宜
性和優先順序。
(4)客群生態研析
世代客群消費者研究:基於「以客戶為中心」的策略發展主軸，並因應「行動X智慧」的金融新未來，
特就臺灣各世代的成長背景、理念價值、人生階段、數位行為、通路足跡、金融需求、商品交易、生
活場域等面向進行探討，解析消費者觀點態度，並聚焦各客群經營重點，作為永豐金控集團產品開發
設計、生態圈布局、與旅程體驗精進基礎。
(5)資訊安全認證
持續通過ISO27001:2013資訊安全管理系統驗證為確保企業及個人資料隱私及安全，積極推動提升資
訊安全防護，旗下永豐銀行及永豐金證券均順利通過ISO27001:2013資訊安全管理系統驗證，成為國
內最先取得新版標準認證之金融業者，並維持認證有效性。
(6)國立成功大學產學合作專案
為積極發展數位金融，及持續專注人工智慧技術應用發展，2020年成功大學產學合作專案著重於商模
建構、精準行銷、與營運決策等面向，成功整合數位技術與金融服務創新。
商模建構
為把握綠能行業重要趨勢，提出綠能區塊鏈憑證技術研究，透過「綠能金融區塊鏈規劃研究報告」研
"
2890,永豐金,109,103,2890_109,1169,"致股東報告書
公司簡介及公司治理報告
財務概況
財務狀況及財務績效之檢討分析與風險管理事項
特別記載事項
附錄
募資情形
營運概況
101
●持續發展智能選股「AI幫你顧」線上全方位投資交易服務，完成LINE2.0改版升級內容，除推出《吸
睛產業》與《話題選股》，結合因子選股+理財文章+LINE推播等跨平台整合服務外，並展開LINE平
台應用，新增《β風控機器人》、《智能讀報》、《自選股健診》、《豐AI學堂》，精進AI幫你顧會
員應用。
●推出「永豐金理財網—豐雲學堂」打造投資理財知識家，以影音互動方式進行知識分享，從新手入
門到專業級的量化交易，涵蓋12大理財專欄、趨勢預告、總體經濟分析、產業報導、技術面解析及
專家傳承等全方位數位理財知識庫，強大知識內涵使數位服務無斷點。
●持續優化DMP數位足跡管理平台，整合追蹤客戶觀看永豐金理財網—豐雲學堂文章專欄的相關喜
好，並加入線上開戶自定義事件埋點及豐存股自定義事件埋點，持續收集客戶數位足跡紀錄，落實
精準行銷，增加客群經營深度與廣度。
●優化PythonAPI串接交易相關數據與下單服務功能，推出逐筆交易撮合版本，並舉辦AI&FinTech研
討會，透過API架構開放式下單環境與FinTech新創公司串連合作，持續推展PythonAPI業務。
(4)營運流程數位化，提升作業效率，提高客戶滿意度
●營運作業流程優化，導入「流程機器人」(RoboticProcessAutomation,RPA)，以流程自動化軟體取
代傳統流程中重複性高且規則性的人工作業，大幅提升作業效率，打造自動化辦公室場域，展現數
位化進展成果。
●全臺47家分公司全面導入開戶契約書e化系統，領先業界正式邁入線上線下開戶全面無紙化、徵審自
動化、簽核作業行動化的數位券商新里程，除提升作業流程效率，並降低人工作業風險，提高客戶
滿意度。
未來，永豐金證券將持續研究及開展新種業務、提升電子交易平台功能及提供完整數位金融服務，並建構多
元產品及服務、豐富財富管理產品線，以提供客戶多元化商品，滿足各項投資需求。
(五)長、短期業務發展計畫
1.短期業務發展計畫
(1)持續建置數位化金融，打造亞太區最佳數位理財服務平台。
(2)擴大業務市占，增進管理資產規模，拓展多元收入來源。
(3)深化金控整體業務資源，持續發展投資銀行創新業務。
(4)持續精進自營穩定性獲利能力。
(5)持續發展新種固定收益業務。
(6)持續提升轉投資獲利。
2.長期業務發展計畫
(1)證券產業金融創新領導者。
(2)成為泛太平洋區最具影響力之華人券商。
D.永豐金租賃
(一)業務範圍
1.業務內容
因應客戶企業發展之各階段需求，提供融資性租賃、營業性租賃、不動產租賃、分期付款買賣及融資等相
關業務，業務項目分述如下：
"
2890,永豐金,110,84,2890_110,856,"(1)人工智慧技術應用
●票據影像辨識：為提升大量紙本文件的處理效率與數位化，成功實作以「編碼器-解碼器」為核心的
神經網路架構進行影像辨識，於2021年獲頒「影像辨識系統」新型專利，並基於此技術研發「AI智
能審票系統」，可對市面上二十餘家行庫支票進行內容識別，除可活化傳統人工登打、審核的人力
外，系統之資源調度較人力具彈性，可支應峰日、年節時期突增的作業量，讓大量票據於時限內順
利處理完畢。
●模型自動化部署平台：為加速人工智慧研發之推展應用，同時兼顧內部流程效率優化，規劃建置模
型部署應用架構，以提升人工智慧研發的效率。模型部署平台將透過容器化方式管理人工智慧模型
自研發創建後到應用落地的完整流程，包含如模型自動封裝、資源即時擴增、即時模型數據監控、
重新訓練等功能，以支援人工智慧應用落地與長期發展。
(2)數據整合經營
統籌推動制定金控資料治理規章原則及管理架構，包含資料資產與品質管理要點、資料市集管理要點
之制定與資料治理之各項管理及推動策略。同時規劃數位化資料治理管理平台，以自動化系統流程及
品質管理回饋流程，持續落實資料字典管理之正確性，並大幅提升金控集團資料治理之數據力和數位
轉型之進程。
(3)流程自動化機器人(RoboticProcessApplication,RPA)
採用聯邦式管理，由金控擬定整體執行策略方向並完成相關管理辦法制定，以確保RPA流程後續導
入、執行及退場等作業之管理，以奠定集團內RPA基礎能量與管理規範，並於子公司設置專職團隊協
助RPA流程開發與維運。
(4)雲端服務基礎架構
為加速數位轉型，建置多雲開發實驗環境以分散風險及進行概念性驗證，首次運用於以敏捷(Scrum)
方式開發永豐銀行新繳費服務APP，另用於開發可支應2萬人同時在線的「雲端搶號系統」，以緩解瞬
時高流量衝擊重大交易業務。此外，因應疫情期間居家辦公，研發「居家辦公數位回報應用系統」，
另運用混合雲/多雲環境管理工具Anthos及GoogleOCR模型建構概念性驗證實驗環境。
"
2890,永豐金,110,86,2890_110,522,"(2)數據整合經營
●推動以金控集團角度之資料治理共通原則，以達管理、整合之綜效，並將加速以數位化、自動化之
資料資產系統管理流程，提升資料治理管理效率。
●統籌以視覺化分析平台，推行以金控總覽管理、分析應用之視角為原則，落實更敏捷、科學化之管
理決策機制之企業文化。
●以金控集團角度推動資料共享，並訂定資料共享原則及隱私權政策，於達成集團管理、整合及業務
合作之綜效的同時，亦促進客戶資料之合理利用，提升客戶便利性及維護客戶權益。
(3)流程自動化機器人
●持續將RPA的概念與效益植入各個單位，並推動素人開發，擴增員工實現流程自動化的能力。
●建立自動化儀表板，以金控視角訂定導入效益指標，即時呈現專案導入狀態，減少內部認知落差及
溝通成本，並據以進行策略調整修正。
(4)雲端服務基礎架構
●建置Google雲端平台開發實驗環境，並導入多雲管理工具Anthos以及GoogleOCR工作實驗環境，
推動雲地混合自動化部署流程及容器化部署管理平台，朝CloudReady目標邁進。
●導入無伺服器技術應用實驗以加速熟悉雲端服務技術，並持續搭配專案導入廠商進行技轉訓練，同
時將擬訂金控雲端服務資訊管理機制，以提供未來雲端服務執行之規範。
"
2890,永豐金,110,97,2890_110,1016,"(11)導入RPA流程自動化機制於信託保管業務，實現金融科技協作之數位轉型作業。
(12)強化系統運作服務穩定性，規劃機房基礎建設，透過多重環境設備建置、網路節點高頻寬與備援能
力，提供更穩定的機房運作與網路服務，導入雲端與地端整合架構，具備彈性與即時的資訊資源，以
迅速掌握營運所需的環境。
(13)建置「Hadoop數位客群大數據資料庫」：進行整合運算360度客戶輪廓資料，針對不同客戶行為進行
分群貼標，提供精準個人推薦應用。
(14)建置「外部行為數據資料庫」：透過整合客戶外部輪廓，能夠於風險、行銷、客群分析等構面進行數
據應用，作為客戶360重要的一塊拼圖。
(15)銀行、證券資源整合：「DAWHOAPP」以金融美學之設計改變數位體驗的刻板印象，除提供銀行服
務外，並領先業界首創整合證券功能，永豐銀行與永豐金證券攜手推出「DAWHOX大戶投一站式開
戶」，提供客戶線上一次開立銀行數位帳戶與證券戶，並可透過「DAWHOAPP」進行證券資產查詢、
導連股票抽籤等服務，將多元金融服務收納於客戶指尖。
(16)導入「國發會MyData個人化資料自主運用平台」：提供客戶於線上申請永豐銀行金融服務時，可以快
速下載存放於政府機關之個人資料，並作為個人資料證明使用，免去客戶親臨政府機關索取證明的時
間成本。
(17)線上金流收款工具「豐收款」：推出「自建信用卡刷卡頁」、「信用卡交易備援機制」等功能，提升
商戶滿意度與產品競爭力，也持續支持中小企業發展。
(18)「帳戶連結扣款綁定機制」：將持續擴大合作對象，提供客戶於主流電子支付工具連結永豐銀行存款帳
戶，更讓客戶能從更多管道進行數位帳戶開戶，提供客戶便利流暢的開戶體驗。
(19)「QRCode跨行無卡提款」：透過與他行雙邊合作，創新推出QRCode跨行ATM無卡提款服務，永豐銀
行以客戶需求為出發點，讓客戶能於他行ATM完成無卡提款服務，為客戶大幅節省時間成本，提供更
便捷的取款體驗。
(20)產學合作專案：與成大進行產學合作計畫，導入大數據及機器學習技術，透過客戶交易往來數據及標
籤資料建立精準行銷模型，透過最新資料科學技術結合用戶資訊與行為資料進行預測，預先知曉用戶
未來行為並依此提供相應之服務，以數據支撐更多元、更貼近客戶需求的客製化金融體驗。
(21)架構「雲端化虛擬主機系統」：分散行銷活動瞬間集中之客戶使用量，亦呼應快速變化的數位服務需
求。
"
2890,永豐金,110,111,2890_110,911,"109
(四)研究與發展
1.研究發展支出
2021年
2020年
年
度
金
額
4,402
5,142
最近二年度投入研究發展支出費用
單位：新台幣仟元
2.研究發展支出說明
(1)核心系統平台優化及風控機制強化
租賃核心系統移至新平台以增加彈性及降低錯誤率，並增加風險管控機制以減低作業風險。
(2)強化資訊安全機制及基礎建設升級
遵循金控集團資安政策及業務永續經營，進行相關資安工具及備援機制版本升級，以強化資訊防護能
力及降低緊急危難所造成的衝擊。
3.未來研究發展計畫
(1)流程自動化機器人(RoboticProcessApplication,RPA)
導入金控流程自動化機器人解決方案；以改善人工作業流程、增進作業效率。
(2)資訊安全認證
為確保企業及個人資料隱私及安全、推動ISO27001資訊安全管理系統驗證，提升資訊安全防護。
(五)長、短期業務發展計畫
1.短期業務發展計畫
(1)深耕傳統租賃，經營在地客群。持續發展傳統租賃，掌握客戶轉型商機，深耕關係提升黏著度，持續創
造經營效益。
(2)掌握綠金商機，深耕循環經濟。持續拓展綠能周邊客群，並與綠能廠商策略合作，提供全方位融資服
務，以成為永續發展企業為目標。
(3)擴大海外佈局，整合跨境平台。在各據點跨售平台相互合作下，持續拓展臺灣、中國大陸及海外，完
善業務推廣平台，整合客戶需求，提供全方位資金規劃服務及創造各項新產品架構，提升集團獲利成
長。
(4)面對租賃客群，建構專屬風險管理機制，發展因地制宜的風控能力，控管資產品質。
(5)進行各種育才、留才及教育訓練內涵與制度充實專案，儲備海外市場人才，以厚植業務擴展及派外之人
才庫。
2.長期業務發展計畫
(1)持續臺灣與中國大陸兩地跨平台業務整合，提升於兩岸租賃業務之市場占有率及專業地位。
(2)積極開發海內外業務，設立具市場潛力的營業據點。
(3)與金控集團策略夥伴尋求各項合作契機，突破特殊產業進入障礙，建立利基型競爭優勢。
(4)擴大資產規模，提升營運效能，延續最佳資產配置及穩健獲利之租賃公司。
(5)優化的數位徵審平台，快速且確實掌握風險要項，實現動態監控及數據管理。
"
2890,永豐金,111,89,2890_111,363,"87
(3)流程自動化機器人(RoboticProcessApplication,RPA)
以三個階段導入RPA，從評估實驗、建置推導到最終實現智能化，解決第一線人員繁瑣的作業流程，
提升全員的數位力，目前已有超過180個流程在永豐銀行、永豐金證券、永豐投信等子公司上線，並在
2022年推動素人開發，賦予有想法的員工實現流程自動化的能力，讓RPA的開發量能得以加乘放大。
(4)雲端公開資料平台－爬蟲館
完成多雲開發實驗環境建置，加速概念性驗證實驗執行，打造永豐第一個「雲端服務公開資料平
台」，整合雲端無伺服器技術，善用爬蟲程式運行特性，提供具豐富、多樣、易取用的純雲端公開資
料應用服務，讓同仁更有效於業務資料蒐集運用。該平台目前已完成逾150項外部公開資料集供應，類
型涵蓋政府公開資料類、總體經濟類、金融商品類等。
"
2890,永豐金,111,91,2890_111,365,"(3)智能流程自動化
持續推動RPA滲透到各業務單位，並逐步深化自動化程度，提升員工實現流程自動化的興趣與能力，
適時結合OCR或AI等技術，朝智能流程自動化邁進，提升部門導入應用之滲透率。
(4)雲端服務實驗應用
持續利用建置完成的多雲環境，加速進行各類型工作負載實驗應用。
(5)數位專利管理制度
●強化智慧財產管理制度，並透過訓練宣導，加深同仁對於智財管理之意識，以落實執行本公司智慧
財產管理。
●積極保護研發成果，加值公司集團數位科技運用成果，提供子公司及金控集團各單位數位專利權利
化之協助。
(6)產學合作專案
將延續歷年來與學界產學合作的豐沛量能，共同研究新興科技於金融產業上的應用，期望透過跨域整
合、接軌實務，培育出更多具備跨域思維的人才外，亦能提升員工於金融科技領域知識與技能，共創
金融科技發展的里程碑。
"
2890,永豐金,111,103,2890_111,283,"101
(13)導入RPA流程自動化機制於信託保管業務，實現金融科技協作之數位轉型作業。
(14)強化系統運作服務穩定性，規劃機房基礎建設，透過多重環境設備建置、網路節點高頻寬與備援能
力，提供更穩定的機房運作與網路服務，導入雲端與地端整合架構，具備彈性與即時的資訊資源，
以迅速掌握營運所需的環境。
(15)建置「數位客群標籤資料庫」：進行整合運算360度客戶輪廓資料，針對不同客戶行為進行分群貼
標，提供精準個人推薦應用。
(16)建置「外部行為數據資料庫」：透過整合客戶外部輪廓，能夠於風險、行銷、客群分析等構面進行數
據應用，作為客戶360重要的一塊拼圖。
"
2890,永豐金,111,109,2890_111,375,"107
(4)持續深耕數據與相關演算法，發展多元化商品。
(5)發展AI技術，優化客戶線上諮詢與服務，同時優化客戶畫像之分析，以更精準理解客戶需求。
(6)發展滿足客戶人生旅程所需財產管理，或企業法人及其員工、股東相關的企業留才、交易安全等多元
信託服務，成為客戶財產傳承與信託管理的最佳選擇，透過作業流程導入機器人流程(RPA)或OCR數
位科技，持續強化內部各項作業電子化、自動化程度，提升營運競爭力。
(7)發展高品質的作業服務與良好風險控管機制。
(8)持續聚焦財富中高端客群經營，優化會員權益，提供差異化服務體驗，提高往來深度。
(9)以香港為財富管理中心樞紐，並重發展基金、保險與結構型商品三大主軸理財商品，透過境內外產品
及業務整合，以企業主理財為核心的中小企業經營模式，開拓理財新客戶與新商機，擴大私人金融
理財業務。
財務金融業務
"
2890,永豐金,111,118,2890_111,481,"3.未來研究發展計畫
(1)流程自動化機器人(RoboticProcessApplication,RPA)
導入金控流程自動化機器人解決方案；以改善人工作業流程、增進作業效率。
(2)資訊安全認證
為確保企業及個人資料隱私及安全、推動ISO27001資訊安全管理系統驗證，提升資訊安全防護。
(五)長、短期業務發展計畫
1.短期業務發展計畫
(1)深耕傳統租賃，經營在地客群。持續發展傳統租賃，掌握客戶轉型商機，深耕關係提升黏著度，持續
創造經營效益。
(2)掌握綠金商機，深耕循環經濟。持續拓展綠能周邊客群，並與綠能廠商策略合作，提供全方位融資服
務，以成為永續發展企業為目標。
(3)擴大海外布局，整合跨境平台。在各據點跨售平台相互合作下，持續拓展臺灣、中國大陸及海外，完
善業務推廣平台，整合客戶需求，提供全方位資金規劃服務及創造各項新產品架構，提升集團獲利成
長。
(4)面對租賃客群，建構專屬風險管理機制，發展因地制宜的風控能力，控管資產品質。
(5)進行各種育才、留才及教育訓練內涵與制度充實專案，儲備海外市場人才，以厚植業務擴展及派外之
人才庫。
"
2890,永豐金,111,120,2890_111,224,"(四)研究與發展
1.研究發展支出
2.未來研究發展計畫
(1)啟動投資交易風控管理系統專案，汰換舊系統，有效提升整體作業效率。
(2)導入流程自動化機器人(RoboticProcessApplication,RPA)，加速流程數位化，增進營運效率。
(3)主機虛擬化，降低營運成本，提高IT生產力，備援自動化。
(五)長、短期業務發展計畫
1.與國際品牌合作切入利基產品。
2.績效為本，提升投資與組織績效。
3.積極數位運用，增進溝通與營運。
"
